pass,variant,binary_sha256,record_type,workload,scenario,block_frames,sample_index,elapsed_ns,ns_per_instance
pass-a,recovered-legacy,c4be932d4b5463518d374a0ff74d43f2d4382936e8d8231ffdc9d5fe53bbfb38,setup,stereo-2band-lr24,,,0,,3456
pass-a,recovered-legacy,c4be932d4b5463518d374a0ff74d43f2d4382936e8d8231ffdc9d5fe53bbfb38,setup,stereo-2band-lr24,,,1,,1640
pass-a,recovered-legacy,c4be932d4b5463518d374a0ff74d43f2d4382936e8d8231ffdc9d5fe53bbfb38,setup,stereo-2band-lr24,,,2,,1369
pass-a,recovered-legacy,c4be932d4b5463518d374a0ff74d43f2d4382936e8d8231ffdc9d5fe53bbfb38,setup,stereo-2band-lr24,,,3,,1443
pass-a,recovered-legacy,c4be932d4b5463518d374a0ff74d43f2d4382936e8d8231ffdc9d5fe53bbfb38,setup,stereo-2band-lr24,,,4,,1360
pass-a,recovered-legacy,c4be932d4b5463518d374a0ff74d43f2d4382936e8d8231ffdc9d5fe53bbfb38,setup,stereo-2band-lr24,,,5,,1357
pass-a,recovered-legacy,c4be932d4b5463518d374a0ff74d43f2d4382936e8d8231ffdc9d5fe53bbfb38,setup,stereo-2band-lr24,,,6,,1358
pass-a,recovered-legacy,c4be932d4b5463518d374a0ff74d43f2d4382936e8d8231ffdc9d5fe53bbfb38,setup,stereo-2band-lr24,,,7,,1357
pass-a,recovered-legacy,c4be932d4b5463518d374a0ff74d43f2d4382936e8d8231ffdc9d5fe53bbfb38,setup,stereo-2band-lr24,,,8,,1357
pass-a,recovered-legacy,c4be932d4b5463518d374a0ff74d43f2d4382936e8d8231ffdc9d5fe53bbfb38,process,stereo-2band-lr24,steady,32,0,1321422,
pass-a,recovered-legacy,c4be932d4b5463518d374a0ff74d43f2d4382936e8d8231ffdc9d5fe53bbfb38,process,stereo-2band-lr24,steady,32,1,1290984,
pass-a,recovered-legacy,c4be932d4b5463518d374a0ff74d43f2d4382936e8d8231ffdc9d5fe53bbfb38,process,stereo-2band-lr24,steady,32,2,1086307,
pass-a,recovered-legacy,c4be932d4b5463518d374a0ff74d43f2d4382936e8d8231ffdc9d5fe53bbfb38,process,stereo-2band-lr24,steady,32,3,1101295,
pass-a,recovered-legacy,c4be932d4b5463518d374a0ff74d43f2d4382936e8d8231ffdc9d5fe53bbfb38,process,stereo-2band-lr24,steady,32,4,1084753,
pass-a,recovered-legacy,c4be932d4b5463518d374a0ff74d43f2d4382936e8d8231ffdc9d5fe53bbfb38,process,stereo-2band-lr24,steady,32,5,1100603,
pass-a,recovered-legacy,c4be932d4b5463518d374a0ff74d43f2d4382936e8d8231ffdc9d5fe53bbfb38,process,stereo-2band-lr24,steady,32,6,1079424,
pass-a,recovered-legacy,c4be932d4b5463518d374a0ff74d43f2d4382936e8d8231ffdc9d5fe53bbfb38,process,stereo-2band-lr24,steady,32,7,1091306,
pass-a,recovered-legacy,c4be932d4b5463518d374a0ff74d43f2d4382936e8d8231ffdc9d5fe53bbfb38,process,stereo-2band-lr24,steady,32,8,1088441,
pass-a,recovered-legacy,c4be932d4b5463518d374a0ff74d43f2d4382936e8d8231ffdc9d5fe53bbfb38,process,stereo-2band-lr24,automation,32,0,1191035,
pass-a,recovered-legacy,c4be932d4b5463518d374a0ff74d43f2d4382936e8d8231ffdc9d5fe53bbfb38,process,stereo-2band-lr24,automation,32,1,1157792,
pass-a,recovered-legacy,c4be932d4b5463518d374a0ff74d43f2d4382936e8d8231ffdc9d5fe53bbfb38,process,stereo-2band-lr24,automation,32,2,1175074,
pass-a,recovered-legacy,c4be932d4b5463518d374a0ff74d43f2d4382936e8d8231ffdc9d5fe53bbfb38,process,stereo-2band-lr24,automation,32,3,1162941,
pass-a,recovered-legacy,c4be932d4b5463518d374a0ff74d43f2d4382936e8d8231ffdc9d5fe53bbfb38,process,stereo-2band-lr24,automation,32,4,1179683,
pass-a,recovered-legacy,c4be932d4b5463518d374a0ff74d43f2d4382936e8d8231ffdc9d5fe53bbfb38,process,stereo-2band-lr24,automation,32,5,1156109,
pass-a,recovered-legacy,c4be932d4b5463518d374a0ff74d43f2d4382936e8d8231ffdc9d5fe53bbfb38,process,stereo-2band-lr24,automation,32,6,1182709,
pass-a,recovered-legacy,c4be932d4b5463518d374a0ff74d43f2d4382936e8d8231ffdc9d5fe53bbfb38,process,stereo-2band-lr24,automation,32,7,1155798,
pass-a,recovered-legacy,c4be932d4b5463518d374a0ff74d43f2d4382936e8d8231ffdc9d5fe53bbfb38,process,stereo-2band-lr24,automation,32,8,1165957,
pass-a,recovered-legacy,c4be932d4b5463518d374a0ff74d43f2d4382936e8d8231ffdc9d5fe53bbfb38,process,stereo-2band-lr24,steady,512,0,1063683,
pass-a,recovered-legacy,c4be932d4b5463518d374a0ff74d43f2d4382936e8d8231ffdc9d5fe53bbfb38,process,stereo-2band-lr24,steady,512,1,1096946,
pass-a,recovered-legacy,c4be932d4b5463518d374a0ff74d43f2d4382936e8d8231ffdc9d5fe53bbfb38,process,stereo-2band-lr24,steady,512,2,1066329,
pass-a,recovered-legacy,c4be932d4b5463518d374a0ff74d43f2d4382936e8d8231ffdc9d5fe53bbfb38,process,stereo-2band-lr24,steady,512,3,1093179,
pass-a,recovered-legacy,c4be932d4b5463518d374a0ff74d43f2d4382936e8d8231ffdc9d5fe53bbfb38,process,stereo-2band-lr24,steady,512,4,1068713,
pass-a,recovered-legacy,c4be932d4b5463518d374a0ff74d43f2d4382936e8d8231ffdc9d5fe53bbfb38,process,stereo-2band-lr24,steady,512,5,1083741,
pass-a,recovered-legacy,c4be932d4b5463518d374a0ff74d43f2d4382936e8d8231ffdc9d5fe53bbfb38,process,stereo-2band-lr24,steady,512,6,1072239,
pass-a,recovered-legacy,c4be932d4b5463518d374a0ff74d43f2d4382936e8d8231ffdc9d5fe53bbfb38,process,stereo-2band-lr24,steady,512,7,1082890,
pass-a,recovered-legacy,c4be932d4b5463518d374a0ff74d43f2d4382936e8d8231ffdc9d5fe53bbfb38,process,stereo-2band-lr24,steady,512,8,1076297,
pass-a,recovered-legacy,c4be932d4b5463518d374a0ff74d43f2d4382936e8d8231ffdc9d5fe53bbfb38,process,stereo-2band-lr24,automation,512,0,1151891,
pass-a,recovered-legacy,c4be932d4b5463518d374a0ff74d43f2d4382936e8d8231ffdc9d5fe53bbfb38,process,stereo-2band-lr24,automation,512,1,1140119,
pass-a,recovered-legacy,c4be932d4b5463518d374a0ff74d43f2d4382936e8d8231ffdc9d5fe53bbfb38,process,stereo-2band-lr24,automation,512,2,1263693,
pass-a,recovered-legacy,c4be932d4b5463518d374a0ff74d43f2d4382936e8d8231ffdc9d5fe53bbfb38,process,stereo-2band-lr24,automation,512,3,1739073,
pass-a,recovered-legacy,c4be932d4b5463518d374a0ff74d43f2d4382936e8d8231ffdc9d5fe53bbfb38,process,stereo-2band-lr24,automation,512,4,1973356,
pass-a,recovered-legacy,c4be932d4b5463518d374a0ff74d43f2d4382936e8d8231ffdc9d5fe53bbfb38,process,stereo-2band-lr24,automation,512,5,1143214,
pass-a,recovered-legacy,c4be932d4b5463518d374a0ff74d43f2d4382936e8d8231ffdc9d5fe53bbfb38,process,stereo-2band-lr24,automation,512,6,1154326,
pass-a,recovered-legacy,c4be932d4b5463518d374a0ff74d43f2d4382936e8d8231ffdc9d5fe53bbfb38,process,stereo-2band-lr24,automation,512,7,1132433,
pass-a,recovered-legacy,c4be932d4b5463518d374a0ff74d43f2d4382936e8d8231ffdc9d5fe53bbfb38,process,stereo-2band-lr24,automation,512,8,1191415,
pass-a,recovered-legacy,c4be932d4b5463518d374a0ff74d43f2d4382936e8d8231ffdc9d5fe53bbfb38,process,stereo-2band-lr24,steady,2048,0,1066409,
pass-a,recovered-legacy,c4be932d4b5463518d374a0ff74d43f2d4382936e8d8231ffdc9d5fe53bbfb38,process,stereo-2band-lr24,steady,2048,1,1075927,
pass-a,recovered-legacy,c4be932d4b5463518d374a0ff74d43f2d4382936e8d8231ffdc9d5fe53bbfb38,process,stereo-2band-lr24,steady,2048,2,1070166,
pass-a,recovered-legacy,c4be932d4b5463518d374a0ff74d43f2d4382936e8d8231ffdc9d5fe53bbfb38,process,stereo-2band-lr24,steady,2048,3,1081958,
pass-a,recovered-legacy,c4be932d4b5463518d374a0ff74d43f2d4382936e8d8231ffdc9d5fe53bbfb38,process,stereo-2band-lr24,steady,2048,4,1072010,
pass-a,recovered-legacy,c4be932d4b5463518d374a0ff74d43f2d4382936e8d8231ffdc9d5fe53bbfb38,process,stereo-2band-lr24,steady,2048,5,1089102,
pass-a,recovered-legacy,c4be932d4b5463518d374a0ff74d43f2d4382936e8d8231ffdc9d5fe53bbfb38,process,stereo-2band-lr24,steady,2048,6,1064245,
pass-a,recovered-legacy,c4be932d4b5463518d374a0ff74d43f2d4382936e8d8231ffdc9d5fe53bbfb38,process,stereo-2band-lr24,steady,2048,7,1083582,
pass-a,recovered-legacy,c4be932d4b5463518d374a0ff74d43f2d4382936e8d8231ffdc9d5fe53bbfb38,process,stereo-2band-lr24,steady,2048,8,1066750,
pass-a,recovered-legacy,c4be932d4b5463518d374a0ff74d43f2d4382936e8d8231ffdc9d5fe53bbfb38,process,stereo-2band-lr24,automation,2048,0,1146370,
pass-a,recovered-legacy,c4be932d4b5463518d374a0ff74d43f2d4382936e8d8231ffdc9d5fe53bbfb38,process,stereo-2band-lr24,automation,2048,1,1128928,
pass-a,recovered-legacy,c4be932d4b5463518d374a0ff74d43f2d4382936e8d8231ffdc9d5fe53bbfb38,process,stereo-2band-lr24,automation,2048,2,1141832,
pass-a,recovered-legacy,c4be932d4b5463518d374a0ff74d43f2d4382936e8d8231ffdc9d5fe53bbfb38,process,stereo-2band-lr24,automation,2048,3,1124990,
pass-a,recovered-legacy,c4be932d4b5463518d374a0ff74d43f2d4382936e8d8231ffdc9d5fe53bbfb38,process,stereo-2band-lr24,automation,2048,4,1143885,
pass-a,recovered-legacy,c4be932d4b5463518d374a0ff74d43f2d4382936e8d8231ffdc9d5fe53bbfb38,process,stereo-2band-lr24,automation,2048,5,1132804,
pass-a,recovered-legacy,c4be932d4b5463518d374a0ff74d43f2d4382936e8d8231ffdc9d5fe53bbfb38,process,stereo-2band-lr24,automation,2048,6,1142984,
pass-a,recovered-legacy,c4be932d4b5463518d374a0ff74d43f2d4382936e8d8231ffdc9d5fe53bbfb38,process,stereo-2band-lr24,automation,2048,7,1130531,
pass-a,recovered-legacy,c4be932d4b5463518d374a0ff74d43f2d4382936e8d8231ffdc9d5fe53bbfb38,process,stereo-2band-lr24,automation,2048,8,1147432,
pass-a,recovered-legacy,c4be932d4b5463518d374a0ff74d43f2d4382936e8d8231ffdc9d5fe53bbfb38,setup,stereo-4band-lr24,,,0,,3530
pass-a,recovered-legacy,c4be932d4b5463518d374a0ff74d43f2d4382936e8d8231ffdc9d5fe53bbfb38,setup,stereo-4band-lr24,,,1,,3714
pass-a,recovered-legacy,c4be932d4b5463518d374a0ff74d43f2d4382936e8d8231ffdc9d5fe53bbfb38,setup,stereo-4band-lr24,,,2,,3485
pass-a,recovered-legacy,c4be932d4b5463518d374a0ff74d43f2d4382936e8d8231ffdc9d5fe53bbfb38,setup,stereo-4band-lr24,,,3,,3497
pass-a,recovered-legacy,c4be932d4b5463518d374a0ff74d43f2d4382936e8d8231ffdc9d5fe53bbfb38,setup,stereo-4band-lr24,,,4,,3481
pass-a,recovered-legacy,c4be932d4b5463518d374a0ff74d43f2d4382936e8d8231ffdc9d5fe53bbfb38,setup,stereo-4band-lr24,,,5,,3847
pass-a,recovered-legacy,c4be932d4b5463518d374a0ff74d43f2d4382936e8d8231ffdc9d5fe53bbfb38,setup,stereo-4band-lr24,,,6,,3474
pass-a,recovered-legacy,c4be932d4b5463518d374a0ff74d43f2d4382936e8d8231ffdc9d5fe53bbfb38,setup,stereo-4band-lr24,,,7,,3472
pass-a,recovered-legacy,c4be932d4b5463518d374a0ff74d43f2d4382936e8d8231ffdc9d5fe53bbfb38,setup,stereo-4band-lr24,,,8,,3542
pass-a,recovered-legacy,c4be932d4b5463518d374a0ff74d43f2d4382936e8d8231ffdc9d5fe53bbfb38,process,stereo-4band-lr24,steady,32,0,2936409,
pass-a,recovered-legacy,c4be932d4b5463518d374a0ff74d43f2d4382936e8d8231ffdc9d5fe53bbfb38,process,stereo-4band-lr24,steady,32,1,2933354,
pass-a,recovered-legacy,c4be932d4b5463518d374a0ff74d43f2d4382936e8d8231ffdc9d5fe53bbfb38,process,stereo-4band-lr24,steady,32,2,2504722,
pass-a,recovered-legacy,c4be932d4b5463518d374a0ff74d43f2d4382936e8d8231ffdc9d5fe53bbfb38,process,stereo-4band-lr24,steady,32,3,2542133,
pass-a,recovered-legacy,c4be932d4b5463518d374a0ff74d43f2d4382936e8d8231ffdc9d5fe53bbfb38,process,stereo-4band-lr24,steady,32,4,2507688,
pass-a,recovered-legacy,c4be932d4b5463518d374a0ff74d43f2d4382936e8d8231ffdc9d5fe53bbfb38,process,stereo-4band-lr24,steady,32,5,2542824,
pass-a,recovered-legacy,c4be932d4b5463518d374a0ff74d43f2d4382936e8d8231ffdc9d5fe53bbfb38,process,stereo-4band-lr24,steady,32,6,2471709,
pass-a,recovered-legacy,c4be932d4b5463518d374a0ff74d43f2d4382936e8d8231ffdc9d5fe53bbfb38,process,stereo-4band-lr24,steady,32,7,2545068,
pass-a,recovered-legacy,c4be932d4b5463518d374a0ff74d43f2d4382936e8d8231ffdc9d5fe53bbfb38,process,stereo-4band-lr24,steady,32,8,2482881,
pass-a,recovered-legacy,c4be932d4b5463518d374a0ff74d43f2d4382936e8d8231ffdc9d5fe53bbfb38,process,stereo-4band-lr24,automation,32,0,2603419,
pass-a,recovered-legacy,c4be932d4b5463518d374a0ff74d43f2d4382936e8d8231ffdc9d5fe53bbfb38,process,stereo-4band-lr24,automation,32,1,2530731,
pass-a,recovered-legacy,c4be932d4b5463518d374a0ff74d43f2d4382936e8d8231ffdc9d5fe53bbfb38,process,stereo-4band-lr24,automation,32,2,2586787,
pass-a,recovered-legacy,c4be932d4b5463518d374a0ff74d43f2d4382936e8d8231ffdc9d5fe53bbfb38,process,stereo-4band-lr24,automation,32,3,2553164,
pass-a,recovered-legacy,c4be932d4b5463518d374a0ff74d43f2d4382936e8d8231ffdc9d5fe53bbfb38,process,stereo-4band-lr24,automation,32,4,2605672,
pass-a,recovered-legacy,c4be932d4b5463518d374a0ff74d43f2d4382936e8d8231ffdc9d5fe53bbfb38,process,stereo-4band-lr24,automation,32,5,2544187,
pass-a,recovered-legacy,c4be932d4b5463518d374a0ff74d43f2d4382936e8d8231ffdc9d5fe53bbfb38,process,stereo-4band-lr24,automation,32,6,2598469,
pass-a,recovered-legacy,c4be932d4b5463518d374a0ff74d43f2d4382936e8d8231ffdc9d5fe53bbfb38,process,stereo-4band-lr24,automation,32,7,2536221,
pass-a,recovered-legacy,c4be932d4b5463518d374a0ff74d43f2d4382936e8d8231ffdc9d5fe53bbfb38,process,stereo-4band-lr24,automation,32,8,2603709,
pass-a,recovered-legacy,c4be932d4b5463518d374a0ff74d43f2d4382936e8d8231ffdc9d5fe53bbfb38,process,stereo-4band-lr24,steady,512,0,2457253,
pass-a,recovered-legacy,c4be932d4b5463518d374a0ff74d43f2d4382936e8d8231ffdc9d5fe53bbfb38,process,stereo-4band-lr24,steady,512,1,2527515,
pass-a,recovered-legacy,c4be932d4b5463518d374a0ff74d43f2d4382936e8d8231ffdc9d5fe53bbfb38,process,stereo-4band-lr24,steady,512,2,2463003,
pass-a,recovered-legacy,c4be932d4b5463518d374a0ff74d43f2d4382936e8d8231ffdc9d5fe53bbfb38,process,stereo-4band-lr24,steady,512,3,2513418,
pass-a,recovered-legacy,c4be932d4b5463518d374a0ff74d43f2d4382936e8d8231ffdc9d5fe53bbfb38,process,stereo-4band-lr24,steady,512,4,2449637,
pass-a,recovered-legacy,c4be932d4b5463518d374a0ff74d43f2d4382936e8d8231ffdc9d5fe53bbfb38,process,stereo-4band-lr24,steady,512,5,2523347,
pass-a,recovered-legacy,c4be932d4b5463518d374a0ff74d43f2d4382936e8d8231ffdc9d5fe53bbfb38,process,stereo-4band-lr24,steady,512,6,2491036,
pass-a,recovered-legacy,c4be932d4b5463518d374a0ff74d43f2d4382936e8d8231ffdc9d5fe53bbfb38,process,stereo-4band-lr24,steady,512,7,2540850,
pass-a,recovered-legacy,c4be932d4b5463518d374a0ff74d43f2d4382936e8d8231ffdc9d5fe53bbfb38,process,stereo-4band-lr24,steady,512,8,2466148,
pass-a,recovered-legacy,c4be932d4b5463518d374a0ff74d43f2d4382936e8d8231ffdc9d5fe53bbfb38,process,stereo-4band-lr24,automation,512,0,2570897,
pass-a,recovered-legacy,c4be932d4b5463518d374a0ff74d43f2d4382936e8d8231ffdc9d5fe53bbfb38,process,stereo-4band-lr24,automation,512,1,2532915,
pass-a,recovered-legacy,c4be932d4b5463518d374a0ff74d43f2d4382936e8d8231ffdc9d5fe53bbfb38,process,stereo-4band-lr24,automation,512,2,2590875,
pass-a,recovered-legacy,c4be932d4b5463518d374a0ff74d43f2d4382936e8d8231ffdc9d5fe53bbfb38,process,stereo-4band-lr24,automation,512,3,2530160,
pass-a,recovered-legacy,c4be932d4b5463518d374a0ff74d43f2d4382936e8d8231ffdc9d5fe53bbfb38,process,stereo-4band-lr24,automation,512,4,2599522,
pass-a,recovered-legacy,c4be932d4b5463518d374a0ff74d43f2d4382936e8d8231ffdc9d5fe53bbfb38,process,stereo-4band-lr24,automation,512,5,2518699,
pass-a,recovered-legacy,c4be932d4b5463518d374a0ff74d43f2d4382936e8d8231ffdc9d5fe53bbfb38,process,stereo-4band-lr24,automation,512,6,2569174,
pass-a,recovered-legacy,c4be932d4b5463518d374a0ff74d43f2d4382936e8d8231ffdc9d5fe53bbfb38,process,stereo-4band-lr24,automation,512,7,2520932,
pass-a,recovered-legacy,c4be932d4b5463518d374a0ff74d43f2d4382936e8d8231ffdc9d5fe53bbfb38,process,stereo-4band-lr24,automation,512,8,2596185,
pass-a,recovered-legacy,c4be932d4b5463518d374a0ff74d43f2d4382936e8d8231ffdc9d5fe53bbfb38,process,stereo-4band-lr24,steady,2048,0,2455007,
pass-a,recovered-legacy,c4be932d4b5463518d374a0ff74d43f2d4382936e8d8231ffdc9d5fe53bbfb38,process,stereo-4band-lr24,steady,2048,1,2519189,
pass-a,recovered-legacy,c4be932d4b5463518d374a0ff74d43f2d4382936e8d8231ffdc9d5fe53bbfb38,process,stereo-4band-lr24,steady,2048,2,2439548,
pass-a,recovered-legacy,c4be932d4b5463518d374a0ff74d43f2d4382936e8d8231ffdc9d5fe53bbfb38,process,stereo-4band-lr24,steady,2048,3,2518307,
pass-a,recovered-legacy,c4be932d4b5463518d374a0ff74d43f2d4382936e8d8231ffdc9d5fe53bbfb38,process,stereo-4band-lr24,steady,2048,4,2451531,
pass-a,recovered-legacy,c4be932d4b5463518d374a0ff74d43f2d4382936e8d8231ffdc9d5fe53bbfb38,process,stereo-4band-lr24,steady,2048,5,2530611,
pass-a,recovered-legacy,c4be932d4b5463518d374a0ff74d43f2d4382936e8d8231ffdc9d5fe53bbfb38,process,stereo-4band-lr24,steady,2048,6,2462913,
pass-a,recovered-legacy,c4be932d4b5463518d374a0ff74d43f2d4382936e8d8231ffdc9d5fe53bbfb38,process,stereo-4band-lr24,steady,2048,7,2533246,
pass-a,recovered-legacy,c4be932d4b5463518d374a0ff74d43f2d4382936e8d8231ffdc9d5fe53bbfb38,process,stereo-4band-lr24,steady,2048,8,2466580,
pass-a,recovered-legacy,c4be932d4b5463518d374a0ff74d43f2d4382936e8d8231ffdc9d5fe53bbfb38,process,stereo-4band-lr24,automation,2048,0,2590043,
pass-a,recovered-legacy,c4be932d4b5463518d374a0ff74d43f2d4382936e8d8231ffdc9d5fe53bbfb38,process,stereo-4band-lr24,automation,2048,1,2526904,
pass-a,recovered-legacy,c4be932d4b5463518d374a0ff74d43f2d4382936e8d8231ffdc9d5fe53bbfb38,process,stereo-4band-lr24,automation,2048,2,2602577,
pass-a,recovered-legacy,c4be932d4b5463518d374a0ff74d43f2d4382936e8d8231ffdc9d5fe53bbfb38,process,stereo-4band-lr24,automation,2048,3,2540589,
pass-a,recovered-legacy,c4be932d4b5463518d374a0ff74d43f2d4382936e8d8231ffdc9d5fe53bbfb38,process,stereo-4band-lr24,automation,2048,4,2596265,
pass-a,recovered-legacy,c4be932d4b5463518d374a0ff74d43f2d4382936e8d8231ffdc9d5fe53bbfb38,process,stereo-4band-lr24,automation,2048,5,2538015,
pass-a,recovered-legacy,c4be932d4b5463518d374a0ff74d43f2d4382936e8d8231ffdc9d5fe53bbfb38,process,stereo-4band-lr24,automation,2048,6,2585605,
pass-a,recovered-legacy,c4be932d4b5463518d374a0ff74d43f2d4382936e8d8231ffdc9d5fe53bbfb38,process,stereo-4band-lr24,automation,2048,7,2543335,
pass-a,recovered-legacy,c4be932d4b5463518d374a0ff74d43f2d4382936e8d8231ffdc9d5fe53bbfb38,process,stereo-4band-lr24,automation,2048,8,2598360,
pass-a,recovered-legacy,c4be932d4b5463518d374a0ff74d43f2d4382936e8d8231ffdc9d5fe53bbfb38,setup,stereo-2band-lr48,,,0,,1884
pass-a,recovered-legacy,c4be932d4b5463518d374a0ff74d43f2d4382936e8d8231ffdc9d5fe53bbfb38,setup,stereo-2band-lr48,,,1,,1852
pass-a,recovered-legacy,c4be932d4b5463518d374a0ff74d43f2d4382936e8d8231ffdc9d5fe53bbfb38,setup,stereo-2band-lr48,,,2,,1756
pass-a,recovered-legacy,c4be932d4b5463518d374a0ff74d43f2d4382936e8d8231ffdc9d5fe53bbfb38,setup,stereo-2band-lr48,,,3,,1842
pass-a,recovered-legacy,c4be932d4b5463518d374a0ff74d43f2d4382936e8d8231ffdc9d5fe53bbfb38,setup,stereo-2band-lr48,,,4,,1741
pass-a,recovered-legacy,c4be932d4b5463518d374a0ff74d43f2d4382936e8d8231ffdc9d5fe53bbfb38,setup,stereo-2band-lr48,,,5,,1851
pass-a,recovered-legacy,c4be932d4b5463518d374a0ff74d43f2d4382936e8d8231ffdc9d5fe53bbfb38,setup,stereo-2band-lr48,,,6,,1744
pass-a,recovered-legacy,c4be932d4b5463518d374a0ff74d43f2d4382936e8d8231ffdc9d5fe53bbfb38,setup,stereo-2band-lr48,,,7,,1813
pass-a,recovered-legacy,c4be932d4b5463518d374a0ff74d43f2d4382936e8d8231ffdc9d5fe53bbfb38,setup,stereo-2band-lr48,,,8,,1745
pass-a,recovered-legacy,c4be932d4b5463518d374a0ff74d43f2d4382936e8d8231ffdc9d5fe53bbfb38,process,stereo-2band-lr48,steady,32,0,2300596,
pass-a,recovered-legacy,c4be932d4b5463518d374a0ff74d43f2d4382936e8d8231ffdc9d5fe53bbfb38,process,stereo-2band-lr48,steady,32,1,2507247,
pass-a,recovered-legacy,c4be932d4b5463518d374a0ff74d43f2d4382936e8d8231ffdc9d5fe53bbfb38,process,stereo-2band-lr48,steady,32,2,1606010,
pass-a,recovered-legacy,c4be932d4b5463518d374a0ff74d43f2d4382936e8d8231ffdc9d5fe53bbfb38,process,stereo-2band-lr48,steady,32,3,1600640,
pass-a,recovered-legacy,c4be932d4b5463518d374a0ff74d43f2d4382936e8d8231ffdc9d5fe53bbfb38,process,stereo-2band-lr48,steady,32,4,1593266,
pass-a,recovered-legacy,c4be932d4b5463518d374a0ff74d43f2d4382936e8d8231ffdc9d5fe53bbfb38,process,stereo-2band-lr48,steady,32,5,1592715,
pass-a,recovered-legacy,c4be932d4b5463518d374a0ff74d43f2d4382936e8d8231ffdc9d5fe53bbfb38,process,stereo-2band-lr48,steady,32,6,1601021,
pass-a,recovered-legacy,c4be932d4b5463518d374a0ff74d43f2d4382936e8d8231ffdc9d5fe53bbfb38,process,stereo-2band-lr48,steady,32,7,1582586,
pass-a,recovered-legacy,c4be932d4b5463518d374a0ff74d43f2d4382936e8d8231ffdc9d5fe53bbfb38,process,stereo-2band-lr48,steady,32,8,1599118,
pass-a,recovered-legacy,c4be932d4b5463518d374a0ff74d43f2d4382936e8d8231ffdc9d5fe53bbfb38,process,stereo-2band-lr48,automation,32,0,1706460,
pass-a,recovered-legacy,c4be932d4b5463518d374a0ff74d43f2d4382936e8d8231ffdc9d5fe53bbfb38,process,stereo-2band-lr48,automation,32,1,1717221,
pass-a,recovered-legacy,c4be932d4b5463518d374a0ff74d43f2d4382936e8d8231ffdc9d5fe53bbfb38,process,stereo-2band-lr48,automation,32,2,1716660,
pass-a,recovered-legacy,c4be932d4b5463518d374a0ff74d43f2d4382936e8d8231ffdc9d5fe53bbfb38,process,stereo-2band-lr48,automation,32,3,1723182,
pass-a,recovered-legacy,c4be932d4b5463518d374a0ff74d43f2d4382936e8d8231ffdc9d5fe53bbfb38,process,stereo-2band-lr48,automation,32,4,1717621,
pass-a,recovered-legacy,c4be932d4b5463518d374a0ff74d43f2d4382936e8d8231ffdc9d5fe53bbfb38,process,stereo-2band-lr48,automation,32,5,1714415,
pass-a,recovered-legacy,c4be932d4b5463518d374a0ff74d43f2d4382936e8d8231ffdc9d5fe53bbfb38,process,stereo-2band-lr48,automation,32,6,1738592,
pass-a,recovered-legacy,c4be932d4b5463518d374a0ff74d43f2d4382936e8d8231ffdc9d5fe53bbfb38,process,stereo-2band-lr48,automation,32,7,1721799,
pass-a,recovered-legacy,c4be932d4b5463518d374a0ff74d43f2d4382936e8d8231ffdc9d5fe53bbfb38,process,stereo-2band-lr48,automation,32,8,1712763,
pass-a,recovered-legacy,c4be932d4b5463518d374a0ff74d43f2d4382936e8d8231ffdc9d5fe53bbfb38,process,stereo-2band-lr48,steady,512,0,1591493,
pass-a,recovered-legacy,c4be932d4b5463518d374a0ff74d43f2d4382936e8d8231ffdc9d5fe53bbfb38,process,stereo-2band-lr48,steady,512,1,1596212,
pass-a,recovered-legacy,c4be932d4b5463518d374a0ff74d43f2d4382936e8d8231ffdc9d5fe53bbfb38,process,stereo-2band-lr48,steady,512,2,1602013,
pass-a,recovered-legacy,c4be932d4b5463518d374a0ff74d43f2d4382936e8d8231ffdc9d5fe53bbfb38,process,stereo-2band-lr48,steady,512,3,1584560,
pass-a,recovered-legacy,c4be932d4b5463518d374a0ff74d43f2d4382936e8d8231ffdc9d5fe53bbfb38,process,stereo-2band-lr48,steady,512,4,1598657,
pass-a,recovered-legacy,c4be932d4b5463518d374a0ff74d43f2d4382936e8d8231ffdc9d5fe53bbfb38,process,stereo-2band-lr48,steady,512,5,1583437,
pass-a,recovered-legacy,c4be932d4b5463518d374a0ff74d43f2d4382936e8d8231ffdc9d5fe53bbfb38,process,stereo-2band-lr48,steady,512,6,1609237,
pass-a,recovered-legacy,c4be932d4b5463518d374a0ff74d43f2d4382936e8d8231ffdc9d5fe53bbfb38,process,stereo-2band-lr48,steady,512,7,1601431,
pass-a,recovered-legacy,c4be932d4b5463518d374a0ff74d43f2d4382936e8d8231ffdc9d5fe53bbfb38,process,stereo-2band-lr48,steady,512,8,1592876,
pass-a,recovered-legacy,c4be932d4b5463518d374a0ff74d43f2d4382936e8d8231ffdc9d5fe53bbfb38,process,stereo-2band-lr48,automation,512,0,1698435,
pass-a,recovered-legacy,c4be932d4b5463518d374a0ff74d43f2d4382936e8d8231ffdc9d5fe53bbfb38,process,stereo-2band-lr48,automation,512,1,1698235,
pass-a,recovered-legacy,c4be932d4b5463518d374a0ff74d43f2d4382936e8d8231ffdc9d5fe53bbfb38,process,stereo-2band-lr48,automation,512,2,1700570,
pass-a,recovered-legacy,c4be932d4b5463518d374a0ff74d43f2d4382936e8d8231ffdc9d5fe53bbfb38,process,stereo-2band-lr48,automation,512,3,1703715,
pass-a,recovered-legacy,c4be932d4b5463518d374a0ff74d43f2d4382936e8d8231ffdc9d5fe53bbfb38,process,stereo-2band-lr48,automation,512,4,1682665,
pass-a,recovered-legacy,c4be932d4b5463518d374a0ff74d43f2d4382936e8d8231ffdc9d5fe53bbfb38,process,stereo-2band-lr48,automation,512,5,1698866,
pass-a,recovered-legacy,c4be932d4b5463518d374a0ff74d43f2d4382936e8d8231ffdc9d5fe53bbfb38,process,stereo-2band-lr48,automation,512,6,1697293,
pass-a,recovered-legacy,c4be932d4b5463518d374a0ff74d43f2d4382936e8d8231ffdc9d5fe53bbfb38,process,stereo-2band-lr48,automation,512,7,1717902,
pass-a,recovered-legacy,c4be932d4b5463518d374a0ff74d43f2d4382936e8d8231ffdc9d5fe53bbfb38,process,stereo-2band-lr48,automation,512,8,1695690,
pass-a,recovered-legacy,c4be932d4b5463518d374a0ff74d43f2d4382936e8d8231ffdc9d5fe53bbfb38,process,stereo-2band-lr48,steady,2048,0,1576224,
pass-a,recovered-legacy,c4be932d4b5463518d374a0ff74d43f2d4382936e8d8231ffdc9d5fe53bbfb38,process,stereo-2band-lr48,steady,2048,1,1637219,
pass-a,recovered-legacy,c4be932d4b5463518d374a0ff74d43f2d4382936e8d8231ffdc9d5fe53bbfb38,process,stereo-2band-lr48,steady,2048,2,1582606,
pass-a,recovered-legacy,c4be932d4b5463518d374a0ff74d43f2d4382936e8d8231ffdc9d5fe53bbfb38,process,stereo-2band-lr48,steady,2048,3,1597644,
pass-a,recovered-legacy,c4be932d4b5463518d374a0ff74d43f2d4382936e8d8231ffdc9d5fe53bbfb38,process,stereo-2band-lr48,steady,2048,4,1597223,
pass-a,recovered-legacy,c4be932d4b5463518d374a0ff74d43f2d4382936e8d8231ffdc9d5fe53bbfb38,process,stereo-2band-lr48,steady,2048,5,1603636,
pass-a,recovered-legacy,c4be932d4b5463518d374a0ff74d43f2d4382936e8d8231ffdc9d5fe53bbfb38,process,stereo-2band-lr48,steady,2048,6,1590871,
pass-a,recovered-legacy,c4be932d4b5463518d374a0ff74d43f2d4382936e8d8231ffdc9d5fe53bbfb38,process,stereo-2band-lr48,steady,2048,7,1591463,
pass-a,recovered-legacy,c4be932d4b5463518d374a0ff74d43f2d4382936e8d8231ffdc9d5fe53bbfb38,process,stereo-2band-lr48,steady,2048,8,1605400,
pass-a,recovered-legacy,c4be932d4b5463518d374a0ff74d43f2d4382936e8d8231ffdc9d5fe53bbfb38,process,stereo-2band-lr48,automation,2048,0,1707683,
pass-a,recovered-legacy,c4be932d4b5463518d374a0ff74d43f2d4382936e8d8231ffdc9d5fe53bbfb38,process,stereo-2band-lr48,automation,2048,1,1703555,
pass-a,recovered-legacy,c4be932d4b5463518d374a0ff74d43f2d4382936e8d8231ffdc9d5fe53bbfb38,process,stereo-2band-lr48,automation,2048,2,1694779,
pass-a,recovered-legacy,c4be932d4b5463518d374a0ff74d43f2d4382936e8d8231ffdc9d5fe53bbfb38,process,stereo-2band-lr48,automation,2048,3,1712372,
pass-a,recovered-legacy,c4be932d4b5463518d374a0ff74d43f2d4382936e8d8231ffdc9d5fe53bbfb38,process,stereo-2band-lr48,automation,2048,4,1699277,
pass-a,recovered-legacy,c4be932d4b5463518d374a0ff74d43f2d4382936e8d8231ffdc9d5fe53bbfb38,process,stereo-2band-lr48,automation,2048,5,1694759,
pass-a,recovered-legacy,c4be932d4b5463518d374a0ff74d43f2d4382936e8d8231ffdc9d5fe53bbfb38,process,stereo-2band-lr48,automation,2048,6,1697604,
pass-a,recovered-legacy,c4be932d4b5463518d374a0ff74d43f2d4382936e8d8231ffdc9d5fe53bbfb38,process,stereo-2band-lr48,automation,2048,7,1707102,
pass-a,recovered-legacy,c4be932d4b5463518d374a0ff74d43f2d4382936e8d8231ffdc9d5fe53bbfb38,process,stereo-2band-lr48,automation,2048,8,1712652,
pass-a,recovered-legacy,c4be932d4b5463518d374a0ff74d43f2d4382936e8d8231ffdc9d5fe53bbfb38,setup,stereo-4band-lr48,,,0,,4712
pass-a,recovered-legacy,c4be932d4b5463518d374a0ff74d43f2d4382936e8d8231ffdc9d5fe53bbfb38,setup,stereo-4band-lr48,,,1,,4700
pass-a,recovered-legacy,c4be932d4b5463518d374a0ff74d43f2d4382936e8d8231ffdc9d5fe53bbfb38,setup,stereo-4band-lr48,,,2,,4668
pass-a,recovered-legacy,c4be932d4b5463518d374a0ff74d43f2d4382936e8d8231ffdc9d5fe53bbfb38,setup,stereo-4band-lr48,,,3,,4608
pass-a,recovered-legacy,c4be932d4b5463518d374a0ff74d43f2d4382936e8d8231ffdc9d5fe53bbfb38,setup,stereo-4band-lr48,,,4,,4592
pass-a,recovered-legacy,c4be932d4b5463518d374a0ff74d43f2d4382936e8d8231ffdc9d5fe53bbfb38,setup,stereo-4band-lr48,,,5,,4660
pass-a,recovered-legacy,c4be932d4b5463518d374a0ff74d43f2d4382936e8d8231ffdc9d5fe53bbfb38,setup,stereo-4band-lr48,,,6,,4568
pass-a,recovered-legacy,c4be932d4b5463518d374a0ff74d43f2d4382936e8d8231ffdc9d5fe53bbfb38,setup,stereo-4band-lr48,,,7,,4587
pass-a,recovered-legacy,c4be932d4b5463518d374a0ff74d43f2d4382936e8d8231ffdc9d5fe53bbfb38,setup,stereo-4band-lr48,,,8,,4666
pass-a,recovered-legacy,c4be932d4b5463518d374a0ff74d43f2d4382936e8d8231ffdc9d5fe53bbfb38,process,stereo-4band-lr48,steady,32,0,4330188,
pass-a,recovered-legacy,c4be932d4b5463518d374a0ff74d43f2d4382936e8d8231ffdc9d5fe53bbfb38,process,stereo-4band-lr48,steady,32,1,4239546,
pass-a,recovered-legacy,c4be932d4b5463518d374a0ff74d43f2d4382936e8d8231ffdc9d5fe53bbfb38,process,stereo-4band-lr48,steady,32,2,4498396,
pass-a,recovered-legacy,c4be932d4b5463518d374a0ff74d43f2d4382936e8d8231ffdc9d5fe53bbfb38,process,stereo-4band-lr48,steady,32,3,4306753,
pass-a,recovered-legacy,c4be932d4b5463518d374a0ff74d43f2d4382936e8d8231ffdc9d5fe53bbfb38,process,stereo-4band-lr48,steady,32,4,4349274,
pass-a,recovered-legacy,c4be932d4b5463518d374a0ff74d43f2d4382936e8d8231ffdc9d5fe53bbfb38,process,stereo-4band-lr48,steady,32,5,4337091,
pass-a,recovered-legacy,c4be932d4b5463518d374a0ff74d43f2d4382936e8d8231ffdc9d5fe53bbfb38,process,stereo-4band-lr48,steady,32,6,4318565,
pass-a,recovered-legacy,c4be932d4b5463518d374a0ff74d43f2d4382936e8d8231ffdc9d5fe53bbfb38,process,stereo-4band-lr48,steady,32,7,4528133,
pass-a,recovered-legacy,c4be932d4b5463518d374a0ff74d43f2d4382936e8d8231ffdc9d5fe53bbfb38,process,stereo-4band-lr48,steady,32,8,4326561,
pass-a,recovered-legacy,c4be932d4b5463518d374a0ff74d43f2d4382936e8d8231ffdc9d5fe53bbfb38,process,stereo-4band-lr48,automation,32,0,4421200,
pass-a,recovered-legacy,c4be932d4b5463518d374a0ff74d43f2d4382936e8d8231ffdc9d5fe53bbfb38,process,stereo-4band-lr48,automation,32,1,4382877,
pass-a,recovered-legacy,c4be932d4b5463518d374a0ff74d43f2d4382936e8d8231ffdc9d5fe53bbfb38,process,stereo-4band-lr48,automation,32,2,4366447,
pass-a,recovered-legacy,c4be932d4b5463518d374a0ff74d43f2d4382936e8d8231ffdc9d5fe53bbfb38,process,stereo-4band-lr48,automation,32,3,4397505,
pass-a,recovered-legacy,c4be932d4b5463518d374a0ff74d43f2d4382936e8d8231ffdc9d5fe53bbfb38,process,stereo-4band-lr48,automation,32,4,4356768,
pass-a,recovered-legacy,c4be932d4b5463518d374a0ff74d43f2d4382936e8d8231ffdc9d5fe53bbfb38,process,stereo-4band-lr48,automation,32,5,4393378,
pass-a,recovered-legacy,c4be932d4b5463518d374a0ff74d43f2d4382936e8d8231ffdc9d5fe53bbfb38,process,stereo-4band-lr48,automation,32,6,4402334,
pass-a,recovered-legacy,c4be932d4b5463518d374a0ff74d43f2d4382936e8d8231ffdc9d5fe53bbfb38,process,stereo-4band-lr48,automation,32,7,4627832,
pass-a,recovered-legacy,c4be932d4b5463518d374a0ff74d43f2d4382936e8d8231ffdc9d5fe53bbfb38,process,stereo-4band-lr48,automation,32,8,4421030,
pass-a,recovered-legacy,c4be932d4b5463518d374a0ff74d43f2d4382936e8d8231ffdc9d5fe53bbfb38,process,stereo-4band-lr48,steady,512,0,4304569,
pass-a,recovered-legacy,c4be932d4b5463518d374a0ff74d43f2d4382936e8d8231ffdc9d5fe53bbfb38,process,stereo-4band-lr48,steady,512,1,4298057,
pass-a,recovered-legacy,c4be932d4b5463518d374a0ff74d43f2d4382936e8d8231ffdc9d5fe53bbfb38,process,stereo-4band-lr48,steady,512,2,6044143,
pass-a,recovered-legacy,c4be932d4b5463518d374a0ff74d43f2d4382936e8d8231ffdc9d5fe53bbfb38,process,stereo-4band-lr48,steady,512,3,4451277,
pass-a,recovered-legacy,c4be932d4b5463518d374a0ff74d43f2d4382936e8d8231ffdc9d5fe53bbfb38,process,stereo-4band-lr48,steady,512,4,4277087,
pass-a,recovered-legacy,c4be932d4b5463518d374a0ff74d43f2d4382936e8d8231ffdc9d5fe53bbfb38,process,stereo-4band-lr48,steady,512,5,4261408,
pass-a,recovered-legacy,c4be932d4b5463518d374a0ff74d43f2d4382936e8d8231ffdc9d5fe53bbfb38,process,stereo-4band-lr48,steady,512,6,4282457,
pass-a,recovered-legacy,c4be932d4b5463518d374a0ff74d43f2d4382936e8d8231ffdc9d5fe53bbfb38,process,stereo-4band-lr48,steady,512,7,4274683,
pass-a,recovered-legacy,c4be932d4b5463518d374a0ff74d43f2d4382936e8d8231ffdc9d5fe53bbfb38,process,stereo-4band-lr48,steady,512,8,4299771,
pass-a,recovered-legacy,c4be932d4b5463518d374a0ff74d43f2d4382936e8d8231ffdc9d5fe53bbfb38,process,stereo-4band-lr48,automation,512,0,4379952,
pass-a,recovered-legacy,c4be932d4b5463518d374a0ff74d43f2d4382936e8d8231ffdc9d5fe53bbfb38,process,stereo-4band-lr48,automation,512,1,4398577,
pass-a,recovered-legacy,c4be932d4b5463518d374a0ff74d43f2d4382936e8d8231ffdc9d5fe53bbfb38,process,stereo-4band-lr48,automation,512,2,4414357,
pass-a,recovered-legacy,c4be932d4b5463518d374a0ff74d43f2d4382936e8d8231ffdc9d5fe53bbfb38,process,stereo-4band-lr48,automation,512,3,4400350,
pass-a,recovered-legacy,c4be932d4b5463518d374a0ff74d43f2d4382936e8d8231ffdc9d5fe53bbfb38,process,stereo-4band-lr48,automation,512,4,4368040,
pass-a,recovered-legacy,c4be932d4b5463518d374a0ff74d43f2d4382936e8d8231ffdc9d5fe53bbfb38,process,stereo-4band-lr48,automation,512,5,4394209,
pass-a,recovered-legacy,c4be932d4b5463518d374a0ff74d43f2d4382936e8d8231ffdc9d5fe53bbfb38,process,stereo-4band-lr48,automation,512,6,4385051,
pass-a,recovered-legacy,c4be932d4b5463518d374a0ff74d43f2d4382936e8d8231ffdc9d5fe53bbfb38,process,stereo-4band-lr48,automation,512,7,4427492,
pass-a,recovered-legacy,c4be932d4b5463518d374a0ff74d43f2d4382936e8d8231ffdc9d5fe53bbfb38,process,stereo-4band-lr48,automation,512,8,4380163,
pass-a,recovered-legacy,c4be932d4b5463518d374a0ff74d43f2d4382936e8d8231ffdc9d5fe53bbfb38,process,stereo-4band-lr48,steady,2048,0,4483117,
pass-a,recovered-legacy,c4be932d4b5463518d374a0ff74d43f2d4382936e8d8231ffdc9d5fe53bbfb38,process,stereo-4band-lr48,steady,2048,1,4263943,
pass-a,recovered-legacy,c4be932d4b5463518d374a0ff74d43f2d4382936e8d8231ffdc9d5fe53bbfb38,process,stereo-4band-lr48,steady,2048,2,4486533,
pass-a,recovered-legacy,c4be932d4b5463518d374a0ff74d43f2d4382936e8d8231ffdc9d5fe53bbfb38,process,stereo-4band-lr48,steady,2048,3,4270805,
pass-a,recovered-legacy,c4be932d4b5463518d374a0ff74d43f2d4382936e8d8231ffdc9d5fe53bbfb38,process,stereo-4band-lr48,steady,2048,4,4462808,
pass-a,recovered-legacy,c4be932d4b5463518d374a0ff74d43f2d4382936e8d8231ffdc9d5fe53bbfb38,process,stereo-4band-lr48,steady,2048,5,4285142,
pass-a,recovered-legacy,c4be932d4b5463518d374a0ff74d43f2d4382936e8d8231ffdc9d5fe53bbfb38,process,stereo-4band-lr48,steady,2048,6,4270765,
pass-a,recovered-legacy,c4be932d4b5463518d374a0ff74d43f2d4382936e8d8231ffdc9d5fe53bbfb38,process,stereo-4band-lr48,steady,2048,7,4336780,
pass-a,recovered-legacy,c4be932d4b5463518d374a0ff74d43f2d4382936e8d8231ffdc9d5fe53bbfb38,process,stereo-4band-lr48,steady,2048,8,4302355,
pass-a,recovered-legacy,c4be932d4b5463518d374a0ff74d43f2d4382936e8d8231ffdc9d5fe53bbfb38,process,stereo-4band-lr48,automation,2048,0,4367718,
pass-a,recovered-legacy,c4be932d4b5463518d374a0ff74d43f2d4382936e8d8231ffdc9d5fe53bbfb38,process,stereo-4band-lr48,automation,2048,1,4383328,
pass-a,recovered-legacy,c4be932d4b5463518d374a0ff74d43f2d4382936e8d8231ffdc9d5fe53bbfb38,process,stereo-4band-lr48,automation,2048,2,4388288,
pass-a,recovered-legacy,c4be932d4b5463518d374a0ff74d43f2d4382936e8d8231ffdc9d5fe53bbfb38,process,stereo-4band-lr48,automation,2048,3,4411882,
pass-a,recovered-legacy,c4be932d4b5463518d374a0ff74d43f2d4382936e8d8231ffdc9d5fe53bbfb38,process,stereo-4band-lr48,automation,2048,4,4418996,
pass-a,recovered-legacy,c4be932d4b5463518d374a0ff74d43f2d4382936e8d8231ffdc9d5fe53bbfb38,process,stereo-4band-lr48,automation,2048,5,4426270,
pass-a,recovered-legacy,c4be932d4b5463518d374a0ff74d43f2d4382936e8d8231ffdc9d5fe53bbfb38,process,stereo-4band-lr48,automation,2048,6,4394239,
pass-a,recovered-legacy,c4be932d4b5463518d374a0ff74d43f2d4382936e8d8231ffdc9d5fe53bbfb38,process,stereo-4band-lr48,automation,2048,7,4392876,
pass-a,recovered-legacy,c4be932d4b5463518d374a0ff74d43f2d4382936e8d8231ffdc9d5fe53bbfb38,process,stereo-4band-lr48,automation,2048,8,4405219,
pass-a,recovered-legacy,c4be932d4b5463518d374a0ff74d43f2d4382936e8d8231ffdc9d5fe53bbfb38,setup,12ch-4band-lr48,,,0,,16543
pass-a,recovered-legacy,c4be932d4b5463518d374a0ff74d43f2d4382936e8d8231ffdc9d5fe53bbfb38,setup,12ch-4band-lr48,,,1,,16627
pass-a,recovered-legacy,c4be932d4b5463518d374a0ff74d43f2d4382936e8d8231ffdc9d5fe53bbfb38,setup,12ch-4band-lr48,,,2,,16603
pass-a,recovered-legacy,c4be932d4b5463518d374a0ff74d43f2d4382936e8d8231ffdc9d5fe53bbfb38,setup,12ch-4band-lr48,,,3,,16613
pass-a,recovered-legacy,c4be932d4b5463518d374a0ff74d43f2d4382936e8d8231ffdc9d5fe53bbfb38,setup,12ch-4band-lr48,,,4,,16622
pass-a,recovered-legacy,c4be932d4b5463518d374a0ff74d43f2d4382936e8d8231ffdc9d5fe53bbfb38,setup,12ch-4band-lr48,,,5,,16532
pass-a,recovered-legacy,c4be932d4b5463518d374a0ff74d43f2d4382936e8d8231ffdc9d5fe53bbfb38,setup,12ch-4band-lr48,,,6,,16781
pass-a,recovered-legacy,c4be932d4b5463518d374a0ff74d43f2d4382936e8d8231ffdc9d5fe53bbfb38,setup,12ch-4band-lr48,,,7,,16579
pass-a,recovered-legacy,c4be932d4b5463518d374a0ff74d43f2d4382936e8d8231ffdc9d5fe53bbfb38,setup,12ch-4band-lr48,,,8,,16695
pass-a,recovered-legacy,c4be932d4b5463518d374a0ff74d43f2d4382936e8d8231ffdc9d5fe53bbfb38,process,12ch-4band-lr48,steady,32,0,22132130,
pass-a,recovered-legacy,c4be932d4b5463518d374a0ff74d43f2d4382936e8d8231ffdc9d5fe53bbfb38,process,12ch-4band-lr48,steady,32,1,19569087,
pass-a,recovered-legacy,c4be932d4b5463518d374a0ff74d43f2d4382936e8d8231ffdc9d5fe53bbfb38,process,12ch-4band-lr48,steady,32,2,16726386,
pass-a,recovered-legacy,c4be932d4b5463518d374a0ff74d43f2d4382936e8d8231ffdc9d5fe53bbfb38,process,12ch-4band-lr48,steady,32,3,16752396,
pass-a,recovered-legacy,c4be932d4b5463518d374a0ff74d43f2d4382936e8d8231ffdc9d5fe53bbfb38,process,12ch-4band-lr48,steady,32,4,16703603,
pass-a,recovered-legacy,c4be932d4b5463518d374a0ff74d43f2d4382936e8d8231ffdc9d5fe53bbfb38,process,12ch-4band-lr48,steady,32,5,16715245,
pass-a,recovered-legacy,c4be932d4b5463518d374a0ff74d43f2d4382936e8d8231ffdc9d5fe53bbfb38,process,12ch-4band-lr48,steady,32,6,16753598,
pass-a,recovered-legacy,c4be932d4b5463518d374a0ff74d43f2d4382936e8d8231ffdc9d5fe53bbfb38,process,12ch-4band-lr48,steady,32,7,16723210,
pass-a,recovered-legacy,c4be932d4b5463518d374a0ff74d43f2d4382936e8d8231ffdc9d5fe53bbfb38,process,12ch-4band-lr48,steady,32,8,16762374,
pass-a,recovered-legacy,c4be932d4b5463518d374a0ff74d43f2d4382936e8d8231ffdc9d5fe53bbfb38,process,12ch-4band-lr48,automation,32,0,17273051,
pass-a,recovered-legacy,c4be932d4b5463518d374a0ff74d43f2d4382936e8d8231ffdc9d5fe53bbfb38,process,12ch-4band-lr48,automation,32,1,19460421,
pass-a,recovered-legacy,c4be932d4b5463518d374a0ff74d43f2d4382936e8d8231ffdc9d5fe53bbfb38,process,12ch-4band-lr48,automation,32,2,17273923,
pass-a,recovered-legacy,c4be932d4b5463518d374a0ff74d43f2d4382936e8d8231ffdc9d5fe53bbfb38,process,12ch-4band-lr48,automation,32,3,17415651,
pass-a,recovered-legacy,c4be932d4b5463518d374a0ff74d43f2d4382936e8d8231ffdc9d5fe53bbfb38,process,12ch-4band-lr48,automation,32,4,17253814,
pass-a,recovered-legacy,c4be932d4b5463518d374a0ff74d43f2d4382936e8d8231ffdc9d5fe53bbfb38,process,12ch-4band-lr48,automation,32,5,17267090,
pass-a,recovered-legacy,c4be932d4b5463518d374a0ff74d43f2d4382936e8d8231ffdc9d5fe53bbfb38,process,12ch-4band-lr48,automation,32,6,17260617,
pass-a,recovered-legacy,c4be932d4b5463518d374a0ff74d43f2d4382936e8d8231ffdc9d5fe53bbfb38,process,12ch-4band-lr48,automation,32,7,17204080,
pass-a,recovered-legacy,c4be932d4b5463518d374a0ff74d43f2d4382936e8d8231ffdc9d5fe53bbfb38,process,12ch-4band-lr48,automation,32,8,17230150,
pass-a,recovered-legacy,c4be932d4b5463518d374a0ff74d43f2d4382936e8d8231ffdc9d5fe53bbfb38,process,12ch-4band-lr48,steady,512,0,16891779,
pass-a,recovered-legacy,c4be932d4b5463518d374a0ff74d43f2d4382936e8d8231ffdc9d5fe53bbfb38,process,12ch-4band-lr48,steady,512,1,16787051,
pass-a,recovered-legacy,c4be932d4b5463518d374a0ff74d43f2d4382936e8d8231ffdc9d5fe53bbfb38,process,12ch-4band-lr48,steady,512,2,16815334,
pass-a,recovered-legacy,c4be932d4b5463518d374a0ff74d43f2d4382936e8d8231ffdc9d5fe53bbfb38,process,12ch-4band-lr48,steady,512,3,17066681,
pass-a,recovered-legacy,c4be932d4b5463518d374a0ff74d43f2d4382936e8d8231ffdc9d5fe53bbfb38,process,12ch-4band-lr48,steady,512,4,16890447,
pass-a,recovered-legacy,c4be932d4b5463518d374a0ff74d43f2d4382936e8d8231ffdc9d5fe53bbfb38,process,12ch-4band-lr48,steady,512,5,16811747,
pass-a,recovered-legacy,c4be932d4b5463518d374a0ff74d43f2d4382936e8d8231ffdc9d5fe53bbfb38,process,12ch-4band-lr48,steady,512,6,16828409,
pass-a,recovered-legacy,c4be932d4b5463518d374a0ff74d43f2d4382936e8d8231ffdc9d5fe53bbfb38,process,12ch-4band-lr48,steady,512,7,16866671,
pass-a,recovered-legacy,c4be932d4b5463518d374a0ff74d43f2d4382936e8d8231ffdc9d5fe53bbfb38,process,12ch-4band-lr48,steady,512,8,16835874,
pass-a,recovered-legacy,c4be932d4b5463518d374a0ff74d43f2d4382936e8d8231ffdc9d5fe53bbfb38,process,12ch-4band-lr48,automation,512,0,17358974,
pass-a,recovered-legacy,c4be932d4b5463518d374a0ff74d43f2d4382936e8d8231ffdc9d5fe53bbfb38,process,12ch-4band-lr48,automation,512,1,17365937,
pass-a,recovered-legacy,c4be932d4b5463518d374a0ff74d43f2d4382936e8d8231ffdc9d5fe53bbfb38,process,12ch-4band-lr48,automation,512,2,17330609,
pass-a,recovered-legacy,c4be932d4b5463518d374a0ff74d43f2d4382936e8d8231ffdc9d5fe53bbfb38,process,12ch-4band-lr48,automation,512,3,17376848,
pass-a,recovered-legacy,c4be932d4b5463518d374a0ff74d43f2d4382936e8d8231ffdc9d5fe53bbfb38,process,12ch-4band-lr48,automation,512,4,19721336,
pass-a,recovered-legacy,c4be932d4b5463518d374a0ff74d43f2d4382936e8d8231ffdc9d5fe53bbfb38,process,12ch-4band-lr48,automation,512,5,17308849,
pass-a,recovered-legacy,c4be932d4b5463518d374a0ff74d43f2d4382936e8d8231ffdc9d5fe53bbfb38,process,12ch-4band-lr48,automation,512,6,17405612,
pass-a,recovered-legacy,c4be932d4b5463518d374a0ff74d43f2d4382936e8d8231ffdc9d5fe53bbfb38,process,12ch-4band-lr48,automation,512,7,17397937,
pass-a,recovered-legacy,c4be932d4b5463518d374a0ff74d43f2d4382936e8d8231ffdc9d5fe53bbfb38,process,12ch-4band-lr48,automation,512,8,17486055,
pass-a,recovered-legacy,c4be932d4b5463518d374a0ff74d43f2d4382936e8d8231ffdc9d5fe53bbfb38,process,12ch-4band-lr48,steady,2048,0,16930582,
pass-a,recovered-legacy,c4be932d4b5463518d374a0ff74d43f2d4382936e8d8231ffdc9d5fe53bbfb38,process,12ch-4band-lr48,steady,2048,1,16917408,
pass-a,recovered-legacy,c4be932d4b5463518d374a0ff74d43f2d4382936e8d8231ffdc9d5fe53bbfb38,process,12ch-4band-lr48,steady,2048,2,16824171,
pass-a,recovered-legacy,c4be932d4b5463518d374a0ff74d43f2d4382936e8d8231ffdc9d5fe53bbfb38,process,12ch-4band-lr48,steady,2048,3,16834871,
pass-a,recovered-legacy,c4be932d4b5463518d374a0ff74d43f2d4382936e8d8231ffdc9d5fe53bbfb38,process,12ch-4band-lr48,steady,2048,4,16876480,
pass-a,recovered-legacy,c4be932d4b5463518d374a0ff74d43f2d4382936e8d8231ffdc9d5fe53bbfb38,process,12ch-4band-lr48,steady,2048,5,19433080,
pass-a,recovered-legacy,c4be932d4b5463518d374a0ff74d43f2d4382936e8d8231ffdc9d5fe53bbfb38,process,12ch-4band-lr48,steady,2048,6,19095320,
pass-a,recovered-legacy,c4be932d4b5463518d374a0ff74d43f2d4382936e8d8231ffdc9d5fe53bbfb38,process,12ch-4band-lr48,steady,2048,7,25841242,
pass-a,recovered-legacy,c4be932d4b5463518d374a0ff74d43f2d4382936e8d8231ffdc9d5fe53bbfb38,process,12ch-4band-lr48,steady,2048,8,25376852,
pass-a,recovered-legacy,c4be932d4b5463518d374a0ff74d43f2d4382936e8d8231ffdc9d5fe53bbfb38,process,12ch-4band-lr48,automation,2048,0,17373611,
pass-a,recovered-legacy,c4be932d4b5463518d374a0ff74d43f2d4382936e8d8231ffdc9d5fe53bbfb38,process,12ch-4band-lr48,automation,2048,1,17411764,
pass-a,recovered-legacy,c4be932d4b5463518d374a0ff74d43f2d4382936e8d8231ffdc9d5fe53bbfb38,process,12ch-4band-lr48,automation,2048,2,17298409,
pass-a,recovered-legacy,c4be932d4b5463518d374a0ff74d43f2d4382936e8d8231ffdc9d5fe53bbfb38,process,12ch-4band-lr48,automation,2048,3,17347732,
pass-a,recovered-legacy,c4be932d4b5463518d374a0ff74d43f2d4382936e8d8231ffdc9d5fe53bbfb38,process,12ch-4band-lr48,automation,2048,4,17385233,
pass-a,recovered-legacy,c4be932d4b5463518d374a0ff74d43f2d4382936e8d8231ffdc9d5fe53bbfb38,process,12ch-4band-lr48,automation,2048,5,17377939,
pass-a,recovered-legacy,c4be932d4b5463518d374a0ff74d43f2d4382936e8d8231ffdc9d5fe53bbfb38,process,12ch-4band-lr48,automation,2048,6,17335039,
pass-a,recovered-legacy,c4be932d4b5463518d374a0ff74d43f2d4382936e8d8231ffdc9d5fe53bbfb38,process,12ch-4band-lr48,automation,2048,7,17371096,
pass-a,recovered-legacy,c4be932d4b5463518d374a0ff74d43f2d4382936e8d8231ffdc9d5fe53bbfb38,process,12ch-4band-lr48,automation,2048,8,17424527,
pass-a,current-legacy,79c3b6fbd830ab692d73e82e4b883b5d3bd49f8e13084ba2addf8912a3ade0d0,setup,stereo-2band-lr24,,,0,,8950
pass-a,current-legacy,79c3b6fbd830ab692d73e82e4b883b5d3bd49f8e13084ba2addf8912a3ade0d0,setup,stereo-2band-lr24,,,1,,5848
pass-a,current-legacy,79c3b6fbd830ab692d73e82e4b883b5d3bd49f8e13084ba2addf8912a3ade0d0,setup,stereo-2band-lr24,,,2,,4436
pass-a,current-legacy,79c3b6fbd830ab692d73e82e4b883b5d3bd49f8e13084ba2addf8912a3ade0d0,setup,stereo-2band-lr24,,,3,,4114
pass-a,current-legacy,79c3b6fbd830ab692d73e82e4b883b5d3bd49f8e13084ba2addf8912a3ade0d0,setup,stereo-2band-lr24,,,4,,2343
pass-a,current-legacy,79c3b6fbd830ab692d73e82e4b883b5d3bd49f8e13084ba2addf8912a3ade0d0,setup,stereo-2band-lr24,,,5,,2342
pass-a,current-legacy,79c3b6fbd830ab692d73e82e4b883b5d3bd49f8e13084ba2addf8912a3ade0d0,setup,stereo-2band-lr24,,,6,,2332
pass-a,current-legacy,79c3b6fbd830ab692d73e82e4b883b5d3bd49f8e13084ba2addf8912a3ade0d0,setup,stereo-2band-lr24,,,7,,2339
pass-a,current-legacy,79c3b6fbd830ab692d73e82e4b883b5d3bd49f8e13084ba2addf8912a3ade0d0,setup,stereo-2band-lr24,,,8,,2330
pass-a,current-legacy,79c3b6fbd830ab692d73e82e4b883b5d3bd49f8e13084ba2addf8912a3ade0d0,process,stereo-2band-lr24,steady,32,0,1303177,
pass-a,current-legacy,79c3b6fbd830ab692d73e82e4b883b5d3bd49f8e13084ba2addf8912a3ade0d0,process,stereo-2band-lr24,steady,32,1,1280935,
pass-a,current-legacy,79c3b6fbd830ab692d73e82e4b883b5d3bd49f8e13084ba2addf8912a3ade0d0,process,stereo-2band-lr24,steady,32,2,1081187,
pass-a,current-legacy,79c3b6fbd830ab692d73e82e4b883b5d3bd49f8e13084ba2addf8912a3ade0d0,process,stereo-2band-lr24,steady,32,3,1079714,
pass-a,current-legacy,79c3b6fbd830ab692d73e82e4b883b5d3bd49f8e13084ba2addf8912a3ade0d0,process,stereo-2band-lr24,steady,32,4,1080936,
pass-a,current-legacy,79c3b6fbd830ab692d73e82e4b883b5d3bd49f8e13084ba2addf8912a3ade0d0,process,stereo-2band-lr24,steady,32,5,1082740,
pass-a,current-legacy,79c3b6fbd830ab692d73e82e4b883b5d3bd49f8e13084ba2addf8912a3ade0d0,process,stereo-2band-lr24,steady,32,6,1081237,
pass-a,current-legacy,79c3b6fbd830ab692d73e82e4b883b5d3bd49f8e13084ba2addf8912a3ade0d0,process,stereo-2band-lr24,steady,32,7,1083742,
pass-a,current-legacy,79c3b6fbd830ab692d73e82e4b883b5d3bd49f8e13084ba2addf8912a3ade0d0,process,stereo-2band-lr24,steady,32,8,1080526,
pass-a,current-legacy,79c3b6fbd830ab692d73e82e4b883b5d3bd49f8e13084ba2addf8912a3ade0d0,process,stereo-2band-lr24,automation,32,0,1185354,
pass-a,current-legacy,79c3b6fbd830ab692d73e82e4b883b5d3bd49f8e13084ba2addf8912a3ade0d0,process,stereo-2band-lr24,automation,32,1,1154516,
pass-a,current-legacy,79c3b6fbd830ab692d73e82e4b883b5d3bd49f8e13084ba2addf8912a3ade0d0,process,stereo-2band-lr24,automation,32,2,1155829,
pass-a,current-legacy,79c3b6fbd830ab692d73e82e4b883b5d3bd49f8e13084ba2addf8912a3ade0d0,process,stereo-2band-lr24,automation,32,3,1159555,
pass-a,current-legacy,79c3b6fbd830ab692d73e82e4b883b5d3bd49f8e13084ba2addf8912a3ade0d0,process,stereo-2band-lr24,automation,32,4,1157801,
pass-a,current-legacy,79c3b6fbd830ab692d73e82e4b883b5d3bd49f8e13084ba2addf8912a3ade0d0,process,stereo-2band-lr24,automation,32,5,1153053,
pass-a,current-legacy,79c3b6fbd830ab692d73e82e4b883b5d3bd49f8e13084ba2addf8912a3ade0d0,process,stereo-2band-lr24,automation,32,6,1163392,
pass-a,current-legacy,79c3b6fbd830ab692d73e82e4b883b5d3bd49f8e13084ba2addf8912a3ade0d0,process,stereo-2band-lr24,automation,32,7,1151711,
pass-a,current-legacy,79c3b6fbd830ab692d73e82e4b883b5d3bd49f8e13084ba2addf8912a3ade0d0,process,stereo-2band-lr24,automation,32,8,1164124,
pass-a,current-legacy,79c3b6fbd830ab692d73e82e4b883b5d3bd49f8e13084ba2addf8912a3ade0d0,process,stereo-2band-lr24,steady,512,0,1065277,
pass-a,current-legacy,79c3b6fbd830ab692d73e82e4b883b5d3bd49f8e13084ba2addf8912a3ade0d0,process,stereo-2band-lr24,steady,512,1,1084984,
pass-a,current-legacy,79c3b6fbd830ab692d73e82e4b883b5d3bd49f8e13084ba2addf8912a3ade0d0,process,stereo-2band-lr24,steady,512,2,1064976,
pass-a,current-legacy,79c3b6fbd830ab692d73e82e4b883b5d3bd49f8e13084ba2addf8912a3ade0d0,process,stereo-2band-lr24,steady,512,3,1071869,
pass-a,current-legacy,79c3b6fbd830ab692d73e82e4b883b5d3bd49f8e13084ba2addf8912a3ade0d0,process,stereo-2band-lr24,steady,512,4,1061700,
pass-a,current-legacy,79c3b6fbd830ab692d73e82e4b883b5d3bd49f8e13084ba2addf8912a3ade0d0,process,stereo-2band-lr24,steady,512,5,1070277,
pass-a,current-legacy,79c3b6fbd830ab692d73e82e4b883b5d3bd49f8e13084ba2addf8912a3ade0d0,process,stereo-2band-lr24,steady,512,6,1064876,
pass-a,current-legacy,79c3b6fbd830ab692d73e82e4b883b5d3bd49f8e13084ba2addf8912a3ade0d0,process,stereo-2band-lr24,steady,512,7,1069614,
pass-a,current-legacy,79c3b6fbd830ab692d73e82e4b883b5d3bd49f8e13084ba2addf8912a3ade0d0,process,stereo-2band-lr24,steady,512,8,1064705,
pass-a,current-legacy,79c3b6fbd830ab692d73e82e4b883b5d3bd49f8e13084ba2addf8912a3ade0d0,process,stereo-2band-lr24,automation,512,0,1142543,
pass-a,current-legacy,79c3b6fbd830ab692d73e82e4b883b5d3bd49f8e13084ba2addf8912a3ade0d0,process,stereo-2band-lr24,automation,512,1,1143655,
pass-a,current-legacy,79c3b6fbd830ab692d73e82e4b883b5d3bd49f8e13084ba2addf8912a3ade0d0,process,stereo-2band-lr24,automation,512,2,1150489,
pass-a,current-legacy,79c3b6fbd830ab692d73e82e4b883b5d3bd49f8e13084ba2addf8912a3ade0d0,process,stereo-2band-lr24,automation,512,3,1139247,
pass-a,current-legacy,79c3b6fbd830ab692d73e82e4b883b5d3bd49f8e13084ba2addf8912a3ade0d0,process,stereo-2band-lr24,automation,512,4,1145969,
pass-a,current-legacy,79c3b6fbd830ab692d73e82e4b883b5d3bd49f8e13084ba2addf8912a3ade0d0,process,stereo-2band-lr24,automation,512,5,1139207,
pass-a,current-legacy,79c3b6fbd830ab692d73e82e4b883b5d3bd49f8e13084ba2addf8912a3ade0d0,process,stereo-2band-lr24,automation,512,6,1147592,
pass-a,current-legacy,79c3b6fbd830ab692d73e82e4b883b5d3bd49f8e13084ba2addf8912a3ade0d0,process,stereo-2band-lr24,automation,512,7,1141120,
pass-a,current-legacy,79c3b6fbd830ab692d73e82e4b883b5d3bd49f8e13084ba2addf8912a3ade0d0,process,stereo-2band-lr24,automation,512,8,1152662,
pass-a,current-legacy,79c3b6fbd830ab692d73e82e4b883b5d3bd49f8e13084ba2addf8912a3ade0d0,process,stereo-2band-lr24,steady,2048,0,1064736,
pass-a,current-legacy,79c3b6fbd830ab692d73e82e4b883b5d3bd49f8e13084ba2addf8912a3ade0d0,process,stereo-2band-lr24,steady,2048,1,1076939,
pass-a,current-legacy,79c3b6fbd830ab692d73e82e4b883b5d3bd49f8e13084ba2addf8912a3ade0d0,process,stereo-2band-lr24,steady,2048,2,1072971,
pass-a,current-legacy,79c3b6fbd830ab692d73e82e4b883b5d3bd49f8e13084ba2addf8912a3ade0d0,process,stereo-2band-lr24,steady,2048,3,1077299,
pass-a,current-legacy,79c3b6fbd830ab692d73e82e4b883b5d3bd49f8e13084ba2addf8912a3ade0d0,process,stereo-2band-lr24,steady,2048,4,1069655,
pass-a,current-legacy,79c3b6fbd830ab692d73e82e4b883b5d3bd49f8e13084ba2addf8912a3ade0d0,process,stereo-2band-lr24,steady,2048,5,1073363,
pass-a,current-legacy,79c3b6fbd830ab692d73e82e4b883b5d3bd49f8e13084ba2addf8912a3ade0d0,process,stereo-2band-lr24,steady,2048,6,1072600,
pass-a,current-legacy,79c3b6fbd830ab692d73e82e4b883b5d3bd49f8e13084ba2addf8912a3ade0d0,process,stereo-2band-lr24,steady,2048,7,1075857,
pass-a,current-legacy,79c3b6fbd830ab692d73e82e4b883b5d3bd49f8e13084ba2addf8912a3ade0d0,process,stereo-2band-lr24,steady,2048,8,1066119,
pass-a,current-legacy,79c3b6fbd830ab692d73e82e4b883b5d3bd49f8e13084ba2addf8912a3ade0d0,process,stereo-2band-lr24,automation,2048,0,1146060,
pass-a,current-legacy,79c3b6fbd830ab692d73e82e4b883b5d3bd49f8e13084ba2addf8912a3ade0d0,process,stereo-2band-lr24,automation,2048,1,1139137,
pass-a,current-legacy,79c3b6fbd830ab692d73e82e4b883b5d3bd49f8e13084ba2addf8912a3ade0d0,process,stereo-2band-lr24,automation,2048,2,1145980,
pass-a,current-legacy,79c3b6fbd830ab692d73e82e4b883b5d3bd49f8e13084ba2addf8912a3ade0d0,process,stereo-2band-lr24,automation,2048,3,1138776,
pass-a,current-legacy,79c3b6fbd830ab692d73e82e4b883b5d3bd49f8e13084ba2addf8912a3ade0d0,process,stereo-2band-lr24,automation,2048,4,1142213,
pass-a,current-legacy,79c3b6fbd830ab692d73e82e4b883b5d3bd49f8e13084ba2addf8912a3ade0d0,process,stereo-2band-lr24,automation,2048,5,1138155,
pass-a,current-legacy,79c3b6fbd830ab692d73e82e4b883b5d3bd49f8e13084ba2addf8912a3ade0d0,process,stereo-2band-lr24,automation,2048,6,1143204,
pass-a,current-legacy,79c3b6fbd830ab692d73e82e4b883b5d3bd49f8e13084ba2addf8912a3ade0d0,process,stereo-2band-lr24,automation,2048,7,1143525,
pass-a,current-legacy,79c3b6fbd830ab692d73e82e4b883b5d3bd49f8e13084ba2addf8912a3ade0d0,process,stereo-2band-lr24,automation,2048,8,1142623,
pass-a,current-legacy,79c3b6fbd830ab692d73e82e4b883b5d3bd49f8e13084ba2addf8912a3ade0d0,setup,stereo-4band-lr24,,,0,,3423
pass-a,current-legacy,79c3b6fbd830ab692d73e82e4b883b5d3bd49f8e13084ba2addf8912a3ade0d0,setup,stereo-4band-lr24,,,1,,3423
pass-a,current-legacy,79c3b6fbd830ab692d73e82e4b883b5d3bd49f8e13084ba2addf8912a3ade0d0,setup,stereo-4band-lr24,,,2,,3409
pass-a,current-legacy,79c3b6fbd830ab692d73e82e4b883b5d3bd49f8e13084ba2addf8912a3ade0d0,setup,stereo-4band-lr24,,,3,,3488
pass-a,current-legacy,79c3b6fbd830ab692d73e82e4b883b5d3bd49f8e13084ba2addf8912a3ade0d0,setup,stereo-4band-lr24,,,4,,3417
pass-a,current-legacy,79c3b6fbd830ab692d73e82e4b883b5d3bd49f8e13084ba2addf8912a3ade0d0,setup,stereo-4band-lr24,,,5,,3414
pass-a,current-legacy,79c3b6fbd830ab692d73e82e4b883b5d3bd49f8e13084ba2addf8912a3ade0d0,setup,stereo-4band-lr24,,,6,,3418
pass-a,current-legacy,79c3b6fbd830ab692d73e82e4b883b5d3bd49f8e13084ba2addf8912a3ade0d0,setup,stereo-4band-lr24,,,7,,3423
pass-a,current-legacy,79c3b6fbd830ab692d73e82e4b883b5d3bd49f8e13084ba2addf8912a3ade0d0,setup,stereo-4band-lr24,,,8,,3435
pass-a,current-legacy,79c3b6fbd830ab692d73e82e4b883b5d3bd49f8e13084ba2addf8912a3ade0d0,process,stereo-4band-lr24,steady,32,0,2930938,
pass-a,current-legacy,79c3b6fbd830ab692d73e82e4b883b5d3bd49f8e13084ba2addf8912a3ade0d0,process,stereo-4band-lr24,steady,32,1,2885172,
pass-a,current-legacy,79c3b6fbd830ab692d73e82e4b883b5d3bd49f8e13084ba2addf8912a3ade0d0,process,stereo-4band-lr24,steady,32,2,2470698,
pass-a,current-legacy,79c3b6fbd830ab692d73e82e4b883b5d3bd49f8e13084ba2addf8912a3ade0d0,process,stereo-4band-lr24,steady,32,3,2464485,
pass-a,current-legacy,79c3b6fbd830ab692d73e82e4b883b5d3bd49f8e13084ba2addf8912a3ade0d0,process,stereo-4band-lr24,steady,32,4,2476639,
pass-a,current-legacy,79c3b6fbd830ab692d73e82e4b883b5d3bd49f8e13084ba2addf8912a3ade0d0,process,stereo-4band-lr24,steady,32,5,2478543,
pass-a,current-legacy,79c3b6fbd830ab692d73e82e4b883b5d3bd49f8e13084ba2addf8912a3ade0d0,process,stereo-4band-lr24,steady,32,6,2474194,
pass-a,current-legacy,79c3b6fbd830ab692d73e82e4b883b5d3bd49f8e13084ba2addf8912a3ade0d0,process,stereo-4band-lr24,steady,32,7,2489894,
pass-a,current-legacy,79c3b6fbd830ab692d73e82e4b883b5d3bd49f8e13084ba2addf8912a3ade0d0,process,stereo-4band-lr24,steady,32,8,2478382,
pass-a,current-legacy,79c3b6fbd830ab692d73e82e4b883b5d3bd49f8e13084ba2addf8912a3ade0d0,process,stereo-4band-lr24,automation,32,0,2568483,
pass-a,current-legacy,79c3b6fbd830ab692d73e82e4b883b5d3bd49f8e13084ba2addf8912a3ade0d0,process,stereo-4band-lr24,automation,32,1,2531974,
pass-a,current-legacy,79c3b6fbd830ab692d73e82e4b883b5d3bd49f8e13084ba2addf8912a3ade0d0,process,stereo-4band-lr24,automation,32,2,2547413,
pass-a,current-legacy,79c3b6fbd830ab692d73e82e4b883b5d3bd49f8e13084ba2addf8912a3ade0d0,process,stereo-4band-lr24,automation,32,3,2522666,
pass-a,current-legacy,79c3b6fbd830ab692d73e82e4b883b5d3bd49f8e13084ba2addf8912a3ade0d0,process,stereo-4band-lr24,automation,32,4,2541682,
pass-a,current-legacy,79c3b6fbd830ab692d73e82e4b883b5d3bd49f8e13084ba2addf8912a3ade0d0,process,stereo-4band-lr24,automation,32,5,2533276,
pass-a,current-legacy,79c3b6fbd830ab692d73e82e4b883b5d3bd49f8e13084ba2addf8912a3ade0d0,process,stereo-4band-lr24,automation,32,6,2581918,
pass-a,current-legacy,79c3b6fbd830ab692d73e82e4b883b5d3bd49f8e13084ba2addf8912a3ade0d0,process,stereo-4band-lr24,automation,32,7,2536953,
pass-a,current-legacy,79c3b6fbd830ab692d73e82e4b883b5d3bd49f8e13084ba2addf8912a3ade0d0,process,stereo-4band-lr24,automation,32,8,2549086,
pass-a,current-legacy,79c3b6fbd830ab692d73e82e4b883b5d3bd49f8e13084ba2addf8912a3ade0d0,process,stereo-4band-lr24,steady,512,0,2462101,
pass-a,current-legacy,79c3b6fbd830ab692d73e82e4b883b5d3bd49f8e13084ba2addf8912a3ade0d0,process,stereo-4band-lr24,steady,512,1,2521153,
pass-a,current-legacy,79c3b6fbd830ab692d73e82e4b883b5d3bd49f8e13084ba2addf8912a3ade0d0,process,stereo-4band-lr24,steady,512,2,2461951,
pass-a,current-legacy,79c3b6fbd830ab692d73e82e4b883b5d3bd49f8e13084ba2addf8912a3ade0d0,process,stereo-4band-lr24,steady,512,3,2512256,
pass-a,current-legacy,79c3b6fbd830ab692d73e82e4b883b5d3bd49f8e13084ba2addf8912a3ade0d0,process,stereo-4band-lr24,steady,512,4,2458795,
pass-a,current-legacy,79c3b6fbd830ab692d73e82e4b883b5d3bd49f8e13084ba2addf8912a3ade0d0,process,stereo-4band-lr24,steady,512,5,2482980,
pass-a,current-legacy,79c3b6fbd830ab692d73e82e4b883b5d3bd49f8e13084ba2addf8912a3ade0d0,process,stereo-4band-lr24,steady,512,6,2441372,
pass-a,current-legacy,79c3b6fbd830ab692d73e82e4b883b5d3bd49f8e13084ba2addf8912a3ade0d0,process,stereo-4band-lr24,steady,512,7,2502187,
pass-a,current-legacy,79c3b6fbd830ab692d73e82e4b883b5d3bd49f8e13084ba2addf8912a3ade0d0,process,stereo-4band-lr24,steady,512,8,2471579,
pass-a,current-legacy,79c3b6fbd830ab692d73e82e4b883b5d3bd49f8e13084ba2addf8912a3ade0d0,process,stereo-4band-lr24,automation,512,0,2587158,
pass-a,current-legacy,79c3b6fbd830ab692d73e82e4b883b5d3bd49f8e13084ba2addf8912a3ade0d0,process,stereo-4band-lr24,automation,512,1,2533787,
pass-a,current-legacy,79c3b6fbd830ab692d73e82e4b883b5d3bd49f8e13084ba2addf8912a3ade0d0,process,stereo-4band-lr24,automation,512,2,2576688,
pass-a,current-legacy,79c3b6fbd830ab692d73e82e4b883b5d3bd49f8e13084ba2addf8912a3ade0d0,process,stereo-4band-lr24,automation,512,3,2543856,
pass-a,current-legacy,79c3b6fbd830ab692d73e82e4b883b5d3bd49f8e13084ba2addf8912a3ade0d0,process,stereo-4band-lr24,automation,512,4,2569224,
pass-a,current-legacy,79c3b6fbd830ab692d73e82e4b883b5d3bd49f8e13084ba2addf8912a3ade0d0,process,stereo-4band-lr24,automation,512,5,2543906,
pass-a,current-legacy,79c3b6fbd830ab692d73e82e4b883b5d3bd49f8e13084ba2addf8912a3ade0d0,process,stereo-4band-lr24,automation,512,6,2578552,
pass-a,current-legacy,79c3b6fbd830ab692d73e82e4b883b5d3bd49f8e13084ba2addf8912a3ade0d0,process,stereo-4band-lr24,automation,512,7,2549096,
pass-a,current-legacy,79c3b6fbd830ab692d73e82e4b883b5d3bd49f8e13084ba2addf8912a3ade0d0,process,stereo-4band-lr24,automation,512,8,2554155,
pass-a,current-legacy,79c3b6fbd830ab692d73e82e4b883b5d3bd49f8e13084ba2addf8912a3ade0d0,process,stereo-4band-lr24,steady,2048,0,2454567,
pass-a,current-legacy,79c3b6fbd830ab692d73e82e4b883b5d3bd49f8e13084ba2addf8912a3ade0d0,process,stereo-4band-lr24,steady,2048,1,2490275,
pass-a,current-legacy,79c3b6fbd830ab692d73e82e4b883b5d3bd49f8e13084ba2addf8912a3ade0d0,process,stereo-4band-lr24,steady,2048,2,2471919,
pass-a,current-legacy,79c3b6fbd830ab692d73e82e4b883b5d3bd49f8e13084ba2addf8912a3ade0d0,process,stereo-4band-lr24,steady,2048,3,2518268,
pass-a,current-legacy,79c3b6fbd830ab692d73e82e4b883b5d3bd49f8e13084ba2addf8912a3ade0d0,process,stereo-4band-lr24,steady,2048,4,2465248,
pass-a,current-legacy,79c3b6fbd830ab692d73e82e4b883b5d3bd49f8e13084ba2addf8912a3ade0d0,process,stereo-4band-lr24,steady,2048,5,2494512,
pass-a,current-legacy,79c3b6fbd830ab692d73e82e4b883b5d3bd49f8e13084ba2addf8912a3ade0d0,process,stereo-4band-lr24,steady,2048,6,2464265,
pass-a,current-legacy,79c3b6fbd830ab692d73e82e4b883b5d3bd49f8e13084ba2addf8912a3ade0d0,process,stereo-4band-lr24,steady,2048,7,2490014,
pass-a,current-legacy,79c3b6fbd830ab692d73e82e4b883b5d3bd49f8e13084ba2addf8912a3ade0d0,process,stereo-4band-lr24,steady,2048,8,2459757,
pass-a,current-legacy,79c3b6fbd830ab692d73e82e4b883b5d3bd49f8e13084ba2addf8912a3ade0d0,process,stereo-4band-lr24,automation,2048,0,2559576,
pass-a,current-legacy,79c3b6fbd830ab692d73e82e4b883b5d3bd49f8e13084ba2addf8912a3ade0d0,process,stereo-4band-lr24,automation,2048,1,2544758,
pass-a,current-legacy,79c3b6fbd830ab692d73e82e4b883b5d3bd49f8e13084ba2addf8912a3ade0d0,process,stereo-4band-lr24,automation,2048,2,2588280,
pass-a,current-legacy,79c3b6fbd830ab692d73e82e4b883b5d3bd49f8e13084ba2addf8912a3ade0d0,process,stereo-4band-lr24,automation,2048,3,2514981,
pass-a,current-legacy,79c3b6fbd830ab692d73e82e4b883b5d3bd49f8e13084ba2addf8912a3ade0d0,process,stereo-4band-lr24,automation,2048,4,2575616,
pass-a,current-legacy,79c3b6fbd830ab692d73e82e4b883b5d3bd49f8e13084ba2addf8912a3ade0d0,process,stereo-4band-lr24,automation,2048,5,2514811,
pass-a,current-legacy,79c3b6fbd830ab692d73e82e4b883b5d3bd49f8e13084ba2addf8912a3ade0d0,process,stereo-4band-lr24,automation,2048,6,2581848,
pass-a,current-legacy,79c3b6fbd830ab692d73e82e4b883b5d3bd49f8e13084ba2addf8912a3ade0d0,process,stereo-4band-lr24,automation,2048,7,2526143,
pass-a,current-legacy,79c3b6fbd830ab692d73e82e4b883b5d3bd49f8e13084ba2addf8912a3ade0d0,process,stereo-4band-lr24,automation,2048,8,2559757,
pass-a,current-legacy,79c3b6fbd830ab692d73e82e4b883b5d3bd49f8e13084ba2addf8912a3ade0d0,setup,stereo-2band-lr48,,,0,,2463
pass-a,current-legacy,79c3b6fbd830ab692d73e82e4b883b5d3bd49f8e13084ba2addf8912a3ade0d0,setup,stereo-2band-lr48,,,1,,2434
pass-a,current-legacy,79c3b6fbd830ab692d73e82e4b883b5d3bd49f8e13084ba2addf8912a3ade0d0,setup,stereo-2band-lr48,,,2,,2485
pass-a,current-legacy,79c3b6fbd830ab692d73e82e4b883b5d3bd49f8e13084ba2addf8912a3ade0d0,setup,stereo-2band-lr48,,,3,,2415
pass-a,current-legacy,79c3b6fbd830ab692d73e82e4b883b5d3bd49f8e13084ba2addf8912a3ade0d0,setup,stereo-2band-lr48,,,4,,2406
pass-a,current-legacy,79c3b6fbd830ab692d73e82e4b883b5d3bd49f8e13084ba2addf8912a3ade0d0,setup,stereo-2band-lr48,,,5,,2398
pass-a,current-legacy,79c3b6fbd830ab692d73e82e4b883b5d3bd49f8e13084ba2addf8912a3ade0d0,setup,stereo-2band-lr48,,,6,,2395
pass-a,current-legacy,79c3b6fbd830ab692d73e82e4b883b5d3bd49f8e13084ba2addf8912a3ade0d0,setup,stereo-2band-lr48,,,7,,2447
pass-a,current-legacy,79c3b6fbd830ab692d73e82e4b883b5d3bd49f8e13084ba2addf8912a3ade0d0,setup,stereo-2band-lr48,,,8,,2387
pass-a,current-legacy,79c3b6fbd830ab692d73e82e4b883b5d3bd49f8e13084ba2addf8912a3ade0d0,process,stereo-2band-lr48,steady,32,0,1637079,
pass-a,current-legacy,79c3b6fbd830ab692d73e82e4b883b5d3bd49f8e13084ba2addf8912a3ade0d0,process,stereo-2band-lr48,steady,32,1,1645415,
pass-a,current-legacy,79c3b6fbd830ab692d73e82e4b883b5d3bd49f8e13084ba2addf8912a3ade0d0,process,stereo-2band-lr48,steady,32,2,1645235,
pass-a,current-legacy,79c3b6fbd830ab692d73e82e4b883b5d3bd49f8e13084ba2addf8912a3ade0d0,process,stereo-2band-lr48,steady,32,3,1648792,
pass-a,current-legacy,79c3b6fbd830ab692d73e82e4b883b5d3bd49f8e13084ba2addf8912a3ade0d0,process,stereo-2band-lr48,steady,32,4,1655825,
pass-a,current-legacy,79c3b6fbd830ab692d73e82e4b883b5d3bd49f8e13084ba2addf8912a3ade0d0,process,stereo-2band-lr48,steady,32,5,1649813,
pass-a,current-legacy,79c3b6fbd830ab692d73e82e4b883b5d3bd49f8e13084ba2addf8912a3ade0d0,process,stereo-2band-lr48,steady,32,6,1649142,
pass-a,current-legacy,79c3b6fbd830ab692d73e82e4b883b5d3bd49f8e13084ba2addf8912a3ade0d0,process,stereo-2band-lr48,steady,32,7,1647780,
pass-a,current-legacy,79c3b6fbd830ab692d73e82e4b883b5d3bd49f8e13084ba2addf8912a3ade0d0,process,stereo-2band-lr48,steady,32,8,1653219,
pass-a,current-legacy,79c3b6fbd830ab692d73e82e4b883b5d3bd49f8e13084ba2addf8912a3ade0d0,process,stereo-2band-lr48,automation,32,0,1750734,
pass-a,current-legacy,79c3b6fbd830ab692d73e82e4b883b5d3bd49f8e13084ba2addf8912a3ade0d0,process,stereo-2band-lr48,automation,32,1,1758840,
pass-a,current-legacy,79c3b6fbd830ab692d73e82e4b883b5d3bd49f8e13084ba2addf8912a3ade0d0,process,stereo-2band-lr48,automation,32,2,1759280,
pass-a,current-legacy,79c3b6fbd830ab692d73e82e4b883b5d3bd49f8e13084ba2addf8912a3ade0d0,process,stereo-2band-lr48,automation,32,3,1766915,
pass-a,current-legacy,79c3b6fbd830ab692d73e82e4b883b5d3bd49f8e13084ba2addf8912a3ade0d0,process,stereo-2band-lr48,automation,32,4,1747218,
pass-a,current-legacy,79c3b6fbd830ab692d73e82e4b883b5d3bd49f8e13084ba2addf8912a3ade0d0,process,stereo-2band-lr48,automation,32,5,1747599,
pass-a,current-legacy,79c3b6fbd830ab692d73e82e4b883b5d3bd49f8e13084ba2addf8912a3ade0d0,process,stereo-2band-lr48,automation,32,6,1751767,
pass-a,current-legacy,79c3b6fbd830ab692d73e82e4b883b5d3bd49f8e13084ba2addf8912a3ade0d0,process,stereo-2band-lr48,automation,32,7,1753650,
pass-a,current-legacy,79c3b6fbd830ab692d73e82e4b883b5d3bd49f8e13084ba2addf8912a3ade0d0,process,stereo-2band-lr48,automation,32,8,1742940,
pass-a,current-legacy,79c3b6fbd830ab692d73e82e4b883b5d3bd49f8e13084ba2addf8912a3ade0d0,process,stereo-2band-lr48,steady,512,0,1629635,
pass-a,current-legacy,79c3b6fbd830ab692d73e82e4b883b5d3bd49f8e13084ba2addf8912a3ade0d0,process,stereo-2band-lr48,steady,512,1,1628453,
pass-a,current-legacy,79c3b6fbd830ab692d73e82e4b883b5d3bd49f8e13084ba2addf8912a3ade0d0,process,stereo-2band-lr48,steady,512,2,1620217,
pass-a,current-legacy,79c3b6fbd830ab692d73e82e4b883b5d3bd49f8e13084ba2addf8912a3ade0d0,process,stereo-2band-lr48,steady,512,3,1637440,
pass-a,current-legacy,79c3b6fbd830ab692d73e82e4b883b5d3bd49f8e13084ba2addf8912a3ade0d0,process,stereo-2band-lr48,steady,512,4,1642119,
pass-a,current-legacy,79c3b6fbd830ab692d73e82e4b883b5d3bd49f8e13084ba2addf8912a3ade0d0,process,stereo-2band-lr48,steady,512,5,1631790,
pass-a,current-legacy,79c3b6fbd830ab692d73e82e4b883b5d3bd49f8e13084ba2addf8912a3ade0d0,process,stereo-2band-lr48,steady,512,6,1633162,
pass-a,current-legacy,79c3b6fbd830ab692d73e82e4b883b5d3bd49f8e13084ba2addf8912a3ade0d0,process,stereo-2band-lr48,steady,512,7,1621009,
pass-a,current-legacy,79c3b6fbd830ab692d73e82e4b883b5d3bd49f8e13084ba2addf8912a3ade0d0,process,stereo-2band-lr48,steady,512,8,1646147,
pass-a,current-legacy,79c3b6fbd830ab692d73e82e4b883b5d3bd49f8e13084ba2addf8912a3ade0d0,process,stereo-2band-lr48,automation,512,0,1725547,
pass-a,current-legacy,79c3b6fbd830ab692d73e82e4b883b5d3bd49f8e13084ba2addf8912a3ade0d0,process,stereo-2band-lr48,automation,512,1,1731407,
pass-a,current-legacy,79c3b6fbd830ab692d73e82e4b883b5d3bd49f8e13084ba2addf8912a3ade0d0,process,stereo-2band-lr48,automation,512,2,1732811,
pass-a,current-legacy,79c3b6fbd830ab692d73e82e4b883b5d3bd49f8e13084ba2addf8912a3ade0d0,process,stereo-2band-lr48,automation,512,3,1730486,
pass-a,current-legacy,79c3b6fbd830ab692d73e82e4b883b5d3bd49f8e13084ba2addf8912a3ade0d0,process,stereo-2band-lr48,automation,512,4,1732090,
pass-a,current-legacy,79c3b6fbd830ab692d73e82e4b883b5d3bd49f8e13084ba2addf8912a3ade0d0,process,stereo-2band-lr48,automation,512,5,1735666,
pass-a,current-legacy,79c3b6fbd830ab692d73e82e4b883b5d3bd49f8e13084ba2addf8912a3ade0d0,process,stereo-2band-lr48,automation,512,6,1727571,
pass-a,current-legacy,79c3b6fbd830ab692d73e82e4b883b5d3bd49f8e13084ba2addf8912a3ade0d0,process,stereo-2band-lr48,automation,512,7,1735306,
pass-a,current-legacy,79c3b6fbd830ab692d73e82e4b883b5d3bd49f8e13084ba2addf8912a3ade0d0,process,stereo-2band-lr48,automation,512,8,1728332,
pass-a,current-legacy,79c3b6fbd830ab692d73e82e4b883b5d3bd49f8e13084ba2addf8912a3ade0d0,process,stereo-2band-lr48,steady,2048,0,1628994,
pass-a,current-legacy,79c3b6fbd830ab692d73e82e4b883b5d3bd49f8e13084ba2addf8912a3ade0d0,process,stereo-2band-lr48,steady,2048,1,1634014,
pass-a,current-legacy,79c3b6fbd830ab692d73e82e4b883b5d3bd49f8e13084ba2addf8912a3ade0d0,process,stereo-2band-lr48,steady,2048,2,1643161,
pass-a,current-legacy,79c3b6fbd830ab692d73e82e4b883b5d3bd49f8e13084ba2addf8912a3ade0d0,process,stereo-2band-lr48,steady,2048,3,1628293,
pass-a,current-legacy,79c3b6fbd830ab692d73e82e4b883b5d3bd49f8e13084ba2addf8912a3ade0d0,process,stereo-2band-lr48,steady,2048,4,1631699,
pass-a,current-legacy,79c3b6fbd830ab692d73e82e4b883b5d3bd49f8e13084ba2addf8912a3ade0d0,process,stereo-2band-lr48,steady,2048,5,1626259,
pass-a,current-legacy,79c3b6fbd830ab692d73e82e4b883b5d3bd49f8e13084ba2addf8912a3ade0d0,process,stereo-2band-lr48,steady,2048,6,1624375,
pass-a,current-legacy,79c3b6fbd830ab692d73e82e4b883b5d3bd49f8e13084ba2addf8912a3ade0d0,process,stereo-2band-lr48,steady,2048,7,1635836,
pass-a,current-legacy,79c3b6fbd830ab692d73e82e4b883b5d3bd49f8e13084ba2addf8912a3ade0d0,process,stereo-2band-lr48,steady,2048,8,1626489,
pass-a,current-legacy,79c3b6fbd830ab692d73e82e4b883b5d3bd49f8e13084ba2addf8912a3ade0d0,process,stereo-2band-lr48,automation,2048,0,1731037,
pass-a,current-legacy,79c3b6fbd830ab692d73e82e4b883b5d3bd49f8e13084ba2addf8912a3ade0d0,process,stereo-2band-lr48,automation,2048,1,1732791,
pass-a,current-legacy,79c3b6fbd830ab692d73e82e4b883b5d3bd49f8e13084ba2addf8912a3ade0d0,process,stereo-2band-lr48,automation,2048,2,1726859,
pass-a,current-legacy,79c3b6fbd830ab692d73e82e4b883b5d3bd49f8e13084ba2addf8912a3ade0d0,process,stereo-2band-lr48,automation,2048,3,1727741,
pass-a,current-legacy,79c3b6fbd830ab692d73e82e4b883b5d3bd49f8e13084ba2addf8912a3ade0d0,process,stereo-2band-lr48,automation,2048,4,1739733,
pass-a,current-legacy,79c3b6fbd830ab692d73e82e4b883b5d3bd49f8e13084ba2addf8912a3ade0d0,process,stereo-2band-lr48,automation,2048,5,1727250,
pass-a,current-legacy,79c3b6fbd830ab692d73e82e4b883b5d3bd49f8e13084ba2addf8912a3ade0d0,process,stereo-2band-lr48,automation,2048,6,1727230,
pass-a,current-legacy,79c3b6fbd830ab692d73e82e4b883b5d3bd49f8e13084ba2addf8912a3ade0d0,process,stereo-2band-lr48,automation,2048,7,1731529,
pass-a,current-legacy,79c3b6fbd830ab692d73e82e4b883b5d3bd49f8e13084ba2addf8912a3ade0d0,process,stereo-2band-lr48,automation,2048,8,1723684,
pass-a,current-legacy,79c3b6fbd830ab692d73e82e4b883b5d3bd49f8e13084ba2addf8912a3ade0d0,setup,stereo-4band-lr48,,,0,,4660
pass-a,current-legacy,79c3b6fbd830ab692d73e82e4b883b5d3bd49f8e13084ba2addf8912a3ade0d0,setup,stereo-4band-lr48,,,1,,4653
pass-a,current-legacy,79c3b6fbd830ab692d73e82e4b883b5d3bd49f8e13084ba2addf8912a3ade0d0,setup,stereo-4band-lr48,,,2,,4678
pass-a,current-legacy,79c3b6fbd830ab692d73e82e4b883b5d3bd49f8e13084ba2addf8912a3ade0d0,setup,stereo-4band-lr48,,,3,,4590
pass-a,current-legacy,79c3b6fbd830ab692d73e82e4b883b5d3bd49f8e13084ba2addf8912a3ade0d0,setup,stereo-4band-lr48,,,4,,4630
pass-a,current-legacy,79c3b6fbd830ab692d73e82e4b883b5d3bd49f8e13084ba2addf8912a3ade0d0,setup,stereo-4band-lr48,,,5,,4592
pass-a,current-legacy,79c3b6fbd830ab692d73e82e4b883b5d3bd49f8e13084ba2addf8912a3ade0d0,setup,stereo-4band-lr48,,,6,,4586
pass-a,current-legacy,79c3b6fbd830ab692d73e82e4b883b5d3bd49f8e13084ba2addf8912a3ade0d0,setup,stereo-4band-lr48,,,7,,4771
pass-a,current-legacy,79c3b6fbd830ab692d73e82e4b883b5d3bd49f8e13084ba2addf8912a3ade0d0,setup,stereo-4band-lr48,,,8,,4621
pass-a,current-legacy,79c3b6fbd830ab692d73e82e4b883b5d3bd49f8e13084ba2addf8912a3ade0d0,process,stereo-4band-lr48,steady,32,0,4369292,
pass-a,current-legacy,79c3b6fbd830ab692d73e82e4b883b5d3bd49f8e13084ba2addf8912a3ade0d0,process,stereo-4band-lr48,steady,32,1,4317824,
pass-a,current-legacy,79c3b6fbd830ab692d73e82e4b883b5d3bd49f8e13084ba2addf8912a3ade0d0,process,stereo-4band-lr48,steady,32,2,4314909,
pass-a,current-legacy,79c3b6fbd830ab692d73e82e4b883b5d3bd49f8e13084ba2addf8912a3ade0d0,process,stereo-4band-lr48,steady,32,3,4317664,
pass-a,current-legacy,79c3b6fbd830ab692d73e82e4b883b5d3bd49f8e13084ba2addf8912a3ade0d0,process,stereo-4band-lr48,steady,32,4,4313006,
pass-a,current-legacy,79c3b6fbd830ab692d73e82e4b883b5d3bd49f8e13084ba2addf8912a3ade0d0,process,stereo-4band-lr48,steady,32,5,4315059,
pass-a,current-legacy,79c3b6fbd830ab692d73e82e4b883b5d3bd49f8e13084ba2addf8912a3ade0d0,process,stereo-4band-lr48,steady,32,6,4299480,
pass-a,current-legacy,79c3b6fbd830ab692d73e82e4b883b5d3bd49f8e13084ba2addf8912a3ade0d0,process,stereo-4band-lr48,steady,32,7,4322543,
pass-a,current-legacy,79c3b6fbd830ab692d73e82e4b883b5d3bd49f8e13084ba2addf8912a3ade0d0,process,stereo-4band-lr48,steady,32,8,4307064,
pass-a,current-legacy,79c3b6fbd830ab692d73e82e4b883b5d3bd49f8e13084ba2addf8912a3ade0d0,process,stereo-4band-lr48,automation,32,0,4467528,
pass-a,current-legacy,79c3b6fbd830ab692d73e82e4b883b5d3bd49f8e13084ba2addf8912a3ade0d0,process,stereo-4band-lr48,automation,32,1,4426640,
pass-a,current-legacy,79c3b6fbd830ab692d73e82e4b883b5d3bd49f8e13084ba2addf8912a3ade0d0,process,stereo-4band-lr48,automation,32,2,4431549,
pass-a,current-legacy,79c3b6fbd830ab692d73e82e4b883b5d3bd49f8e13084ba2addf8912a3ade0d0,process,stereo-4band-lr48,automation,32,3,4439145,
pass-a,current-legacy,79c3b6fbd830ab692d73e82e4b883b5d3bd49f8e13084ba2addf8912a3ade0d0,process,stereo-4band-lr48,automation,32,4,4438583,
pass-a,current-legacy,79c3b6fbd830ab692d73e82e4b883b5d3bd49f8e13084ba2addf8912a3ade0d0,process,stereo-4band-lr48,automation,32,5,4422091,
pass-a,current-legacy,79c3b6fbd830ab692d73e82e4b883b5d3bd49f8e13084ba2addf8912a3ade0d0,process,stereo-4band-lr48,automation,32,6,4429055,
pass-a,current-legacy,79c3b6fbd830ab692d73e82e4b883b5d3bd49f8e13084ba2addf8912a3ade0d0,process,stereo-4band-lr48,automation,32,7,4412493,
pass-a,current-legacy,79c3b6fbd830ab692d73e82e4b883b5d3bd49f8e13084ba2addf8912a3ade0d0,process,stereo-4band-lr48,automation,32,8,4438904,
pass-a,current-legacy,79c3b6fbd830ab692d73e82e4b883b5d3bd49f8e13084ba2addf8912a3ade0d0,process,stereo-4band-lr48,steady,512,0,4270545,
pass-a,current-legacy,79c3b6fbd830ab692d73e82e4b883b5d3bd49f8e13084ba2addf8912a3ade0d0,process,stereo-4band-lr48,steady,512,1,4297055,
pass-a,current-legacy,79c3b6fbd830ab692d73e82e4b883b5d3bd49f8e13084ba2addf8912a3ade0d0,process,stereo-4band-lr48,steady,512,2,4300752,
pass-a,current-legacy,79c3b6fbd830ab692d73e82e4b883b5d3bd49f8e13084ba2addf8912a3ade0d0,process,stereo-4band-lr48,steady,512,3,4311923,
pass-a,current-legacy,79c3b6fbd830ab692d73e82e4b883b5d3bd49f8e13084ba2addf8912a3ade0d0,process,stereo-4band-lr48,steady,512,4,4313156,
pass-a,current-legacy,79c3b6fbd830ab692d73e82e4b883b5d3bd49f8e13084ba2addf8912a3ade0d0,process,stereo-4band-lr48,steady,512,5,4306944,
pass-a,current-legacy,79c3b6fbd830ab692d73e82e4b883b5d3bd49f8e13084ba2addf8912a3ade0d0,process,stereo-4band-lr48,steady,512,6,4355516,
pass-a,current-legacy,79c3b6fbd830ab692d73e82e4b883b5d3bd49f8e13084ba2addf8912a3ade0d0,process,stereo-4band-lr48,steady,512,7,4271767,
pass-a,current-legacy,79c3b6fbd830ab692d73e82e4b883b5d3bd49f8e13084ba2addf8912a3ade0d0,process,stereo-4band-lr48,steady,512,8,4326430,
pass-a,current-legacy,79c3b6fbd830ab692d73e82e4b883b5d3bd49f8e13084ba2addf8912a3ade0d0,process,stereo-4band-lr48,automation,512,0,4404319,
pass-a,current-legacy,79c3b6fbd830ab692d73e82e4b883b5d3bd49f8e13084ba2addf8912a3ade0d0,process,stereo-4band-lr48,automation,512,1,4403056,
pass-a,current-legacy,79c3b6fbd830ab692d73e82e4b883b5d3bd49f8e13084ba2addf8912a3ade0d0,process,stereo-4band-lr48,automation,512,2,4409378,
pass-a,current-legacy,79c3b6fbd830ab692d73e82e4b883b5d3bd49f8e13084ba2addf8912a3ade0d0,process,stereo-4band-lr48,automation,512,3,4375754,
pass-a,current-legacy,79c3b6fbd830ab692d73e82e4b883b5d3bd49f8e13084ba2addf8912a3ade0d0,process,stereo-4band-lr48,automation,512,4,4398347,
pass-a,current-legacy,79c3b6fbd830ab692d73e82e4b883b5d3bd49f8e13084ba2addf8912a3ade0d0,process,stereo-4band-lr48,automation,512,5,4371977,
pass-a,current-legacy,79c3b6fbd830ab692d73e82e4b883b5d3bd49f8e13084ba2addf8912a3ade0d0,process,stereo-4band-lr48,automation,512,6,4398928,
pass-a,current-legacy,79c3b6fbd830ab692d73e82e4b883b5d3bd49f8e13084ba2addf8912a3ade0d0,process,stereo-4band-lr48,automation,512,7,4365635,
pass-a,current-legacy,79c3b6fbd830ab692d73e82e4b883b5d3bd49f8e13084ba2addf8912a3ade0d0,process,stereo-4band-lr48,automation,512,8,4396975,
pass-a,current-legacy,79c3b6fbd830ab692d73e82e4b883b5d3bd49f8e13084ba2addf8912a3ade0d0,process,stereo-4band-lr48,steady,2048,0,4253463,
pass-a,current-legacy,79c3b6fbd830ab692d73e82e4b883b5d3bd49f8e13084ba2addf8912a3ade0d0,process,stereo-4band-lr48,steady,2048,1,4293067,
pass-a,current-legacy,79c3b6fbd830ab692d73e82e4b883b5d3bd49f8e13084ba2addf8912a3ade0d0,process,stereo-4band-lr48,steady,2048,2,4267419,
pass-a,current-legacy,79c3b6fbd830ab692d73e82e4b883b5d3bd49f8e13084ba2addf8912a3ade0d0,process,stereo-4band-lr48,steady,2048,3,4293378,
pass-a,current-legacy,79c3b6fbd830ab692d73e82e4b883b5d3bd49f8e13084ba2addf8912a3ade0d0,process,stereo-4band-lr48,steady,2048,4,4300261,
pass-a,current-legacy,79c3b6fbd830ab692d73e82e4b883b5d3bd49f8e13084ba2addf8912a3ade0d0,process,stereo-4band-lr48,steady,2048,5,4268060,
pass-a,current-legacy,79c3b6fbd830ab692d73e82e4b883b5d3bd49f8e13084ba2addf8912a3ade0d0,process,stereo-4band-lr48,steady,2048,6,4278821,
pass-a,current-legacy,79c3b6fbd830ab692d73e82e4b883b5d3bd49f8e13084ba2addf8912a3ade0d0,process,stereo-4band-lr48,steady,2048,7,4289200,
pass-a,current-legacy,79c3b6fbd830ab692d73e82e4b883b5d3bd49f8e13084ba2addf8912a3ade0d0,process,stereo-4band-lr48,steady,2048,8,4290703,
pass-a,current-legacy,79c3b6fbd830ab692d73e82e4b883b5d3bd49f8e13084ba2addf8912a3ade0d0,process,stereo-4band-lr48,automation,2048,0,4409157,
pass-a,current-legacy,79c3b6fbd830ab692d73e82e4b883b5d3bd49f8e13084ba2addf8912a3ade0d0,process,stereo-4band-lr48,automation,2048,1,4426159,
pass-a,current-legacy,79c3b6fbd830ab692d73e82e4b883b5d3bd49f8e13084ba2addf8912a3ade0d0,process,stereo-4band-lr48,automation,2048,2,4412544,
pass-a,current-legacy,79c3b6fbd830ab692d73e82e4b883b5d3bd49f8e13084ba2addf8912a3ade0d0,process,stereo-4band-lr48,automation,2048,3,4396213,
pass-a,current-legacy,79c3b6fbd830ab692d73e82e4b883b5d3bd49f8e13084ba2addf8912a3ade0d0,process,stereo-4band-lr48,automation,2048,4,4409628,
pass-a,current-legacy,79c3b6fbd830ab692d73e82e4b883b5d3bd49f8e13084ba2addf8912a3ade0d0,process,stereo-4band-lr48,automation,2048,5,4398648,
pass-a,current-legacy,79c3b6fbd830ab692d73e82e4b883b5d3bd49f8e13084ba2addf8912a3ade0d0,process,stereo-4band-lr48,automation,2048,6,4401703,
pass-a,current-legacy,79c3b6fbd830ab692d73e82e4b883b5d3bd49f8e13084ba2addf8912a3ade0d0,process,stereo-4band-lr48,automation,2048,7,4381976,
pass-a,current-legacy,79c3b6fbd830ab692d73e82e4b883b5d3bd49f8e13084ba2addf8912a3ade0d0,process,stereo-4band-lr48,automation,2048,8,4376315,
pass-a,current-legacy,79c3b6fbd830ab692d73e82e4b883b5d3bd49f8e13084ba2addf8912a3ade0d0,setup,12ch-4band-lr48,,,0,,16656
pass-a,current-legacy,79c3b6fbd830ab692d73e82e4b883b5d3bd49f8e13084ba2addf8912a3ade0d0,setup,12ch-4band-lr48,,,1,,16673
pass-a,current-legacy,79c3b6fbd830ab692d73e82e4b883b5d3bd49f8e13084ba2addf8912a3ade0d0,setup,12ch-4band-lr48,,,2,,16782
pass-a,current-legacy,79c3b6fbd830ab692d73e82e4b883b5d3bd49f8e13084ba2addf8912a3ade0d0,setup,12ch-4band-lr48,,,3,,16787
pass-a,current-legacy,79c3b6fbd830ab692d73e82e4b883b5d3bd49f8e13084ba2addf8912a3ade0d0,setup,12ch-4band-lr48,,,4,,16785
pass-a,current-legacy,79c3b6fbd830ab692d73e82e4b883b5d3bd49f8e13084ba2addf8912a3ade0d0,setup,12ch-4band-lr48,,,5,,16690
pass-a,current-legacy,79c3b6fbd830ab692d73e82e4b883b5d3bd49f8e13084ba2addf8912a3ade0d0,setup,12ch-4band-lr48,,,6,,16828
pass-a,current-legacy,79c3b6fbd830ab692d73e82e4b883b5d3bd49f8e13084ba2addf8912a3ade0d0,setup,12ch-4band-lr48,,,7,,16687
pass-a,current-legacy,79c3b6fbd830ab692d73e82e4b883b5d3bd49f8e13084ba2addf8912a3ade0d0,setup,12ch-4band-lr48,,,8,,16726
pass-a,current-legacy,79c3b6fbd830ab692d73e82e4b883b5d3bd49f8e13084ba2addf8912a3ade0d0,process,12ch-4band-lr48,steady,32,0,26283079,
pass-a,current-legacy,79c3b6fbd830ab692d73e82e4b883b5d3bd49f8e13084ba2addf8912a3ade0d0,process,12ch-4band-lr48,steady,32,1,24643114,
pass-a,current-legacy,79c3b6fbd830ab692d73e82e4b883b5d3bd49f8e13084ba2addf8912a3ade0d0,process,12ch-4band-lr48,steady,32,2,53559187,
pass-a,current-legacy,79c3b6fbd830ab692d73e82e4b883b5d3bd49f8e13084ba2addf8912a3ade0d0,process,12ch-4band-lr48,steady,32,3,16967412,
pass-a,current-legacy,79c3b6fbd830ab692d73e82e4b883b5d3bd49f8e13084ba2addf8912a3ade0d0,process,12ch-4band-lr48,steady,32,4,16878173,
pass-a,current-legacy,79c3b6fbd830ab692d73e82e4b883b5d3bd49f8e13084ba2addf8912a3ade0d0,process,12ch-4band-lr48,steady,32,5,16886449,
pass-a,current-legacy,79c3b6fbd830ab692d73e82e4b883b5d3bd49f8e13084ba2addf8912a3ade0d0,process,12ch-4band-lr48,steady,32,6,16903842,
pass-a,current-legacy,79c3b6fbd830ab692d73e82e4b883b5d3bd49f8e13084ba2addf8912a3ade0d0,process,12ch-4band-lr48,steady,32,7,16953145,
pass-a,current-legacy,79c3b6fbd830ab692d73e82e4b883b5d3bd49f8e13084ba2addf8912a3ade0d0,process,12ch-4band-lr48,steady,32,8,16893492,
pass-a,current-legacy,79c3b6fbd830ab692d73e82e4b883b5d3bd49f8e13084ba2addf8912a3ade0d0,process,12ch-4band-lr48,automation,32,0,17381877,
pass-a,current-legacy,79c3b6fbd830ab692d73e82e4b883b5d3bd49f8e13084ba2addf8912a3ade0d0,process,12ch-4band-lr48,automation,32,1,17352461,
pass-a,current-legacy,79c3b6fbd830ab692d73e82e4b883b5d3bd49f8e13084ba2addf8912a3ade0d0,process,12ch-4band-lr48,automation,32,2,17303097,
pass-a,current-legacy,79c3b6fbd830ab692d73e82e4b883b5d3bd49f8e13084ba2addf8912a3ade0d0,process,12ch-4band-lr48,automation,32,3,17377508,
pass-a,current-legacy,79c3b6fbd830ab692d73e82e4b883b5d3bd49f8e13084ba2addf8912a3ade0d0,process,12ch-4band-lr48,automation,32,4,17369774,
pass-a,current-legacy,79c3b6fbd830ab692d73e82e4b883b5d3bd49f8e13084ba2addf8912a3ade0d0,process,12ch-4band-lr48,automation,32,5,17338094,
pass-a,current-legacy,79c3b6fbd830ab692d73e82e4b883b5d3bd49f8e13084ba2addf8912a3ade0d0,process,12ch-4band-lr48,automation,32,6,17337723,
pass-a,current-legacy,79c3b6fbd830ab692d73e82e4b883b5d3bd49f8e13084ba2addf8912a3ade0d0,process,12ch-4band-lr48,automation,32,7,17341190,
pass-a,current-legacy,79c3b6fbd830ab692d73e82e4b883b5d3bd49f8e13084ba2addf8912a3ade0d0,process,12ch-4band-lr48,automation,32,8,17367620,
pass-a,current-legacy,79c3b6fbd830ab692d73e82e4b883b5d3bd49f8e13084ba2addf8912a3ade0d0,process,12ch-4band-lr48,steady,512,0,16785759,
pass-a,current-legacy,79c3b6fbd830ab692d73e82e4b883b5d3bd49f8e13084ba2addf8912a3ade0d0,process,12ch-4band-lr48,steady,512,1,16808803,
pass-a,current-legacy,79c3b6fbd830ab692d73e82e4b883b5d3bd49f8e13084ba2addf8912a3ade0d0,process,12ch-4band-lr48,steady,512,2,16782121,
pass-a,current-legacy,79c3b6fbd830ab692d73e82e4b883b5d3bd49f8e13084ba2addf8912a3ade0d0,process,12ch-4band-lr48,steady,512,3,16767695,
pass-a,current-legacy,79c3b6fbd830ab692d73e82e4b883b5d3bd49f8e13084ba2addf8912a3ade0d0,process,12ch-4band-lr48,steady,512,4,16766602,
pass-a,current-legacy,79c3b6fbd830ab692d73e82e4b883b5d3bd49f8e13084ba2addf8912a3ade0d0,process,12ch-4band-lr48,steady,512,5,16880237,
pass-a,current-legacy,79c3b6fbd830ab692d73e82e4b883b5d3bd49f8e13084ba2addf8912a3ade0d0,process,12ch-4band-lr48,steady,512,6,16757886,
pass-a,current-legacy,79c3b6fbd830ab692d73e82e4b883b5d3bd49f8e13084ba2addf8912a3ade0d0,process,12ch-4band-lr48,steady,512,7,16742356,
pass-a,current-legacy,79c3b6fbd830ab692d73e82e4b883b5d3bd49f8e13084ba2addf8912a3ade0d0,process,12ch-4band-lr48,steady,512,8,16800336,
pass-a,current-legacy,79c3b6fbd830ab692d73e82e4b883b5d3bd49f8e13084ba2addf8912a3ade0d0,process,12ch-4band-lr48,automation,512,0,17241982,
pass-a,current-legacy,79c3b6fbd830ab692d73e82e4b883b5d3bd49f8e13084ba2addf8912a3ade0d0,process,12ch-4band-lr48,automation,512,1,17249537,
pass-a,current-legacy,79c3b6fbd830ab692d73e82e4b883b5d3bd49f8e13084ba2addf8912a3ade0d0,process,12ch-4band-lr48,automation,512,2,17281758,
pass-a,current-legacy,79c3b6fbd830ab692d73e82e4b883b5d3bd49f8e13084ba2addf8912a3ade0d0,process,12ch-4band-lr48,automation,512,3,17269394,
pass-a,current-legacy,79c3b6fbd830ab692d73e82e4b883b5d3bd49f8e13084ba2addf8912a3ade0d0,process,12ch-4band-lr48,automation,512,4,17287979,
pass-a,current-legacy,79c3b6fbd830ab692d73e82e4b883b5d3bd49f8e13084ba2addf8912a3ade0d0,process,12ch-4band-lr48,automation,512,5,17249486,
pass-a,current-legacy,79c3b6fbd830ab692d73e82e4b883b5d3bd49f8e13084ba2addf8912a3ade0d0,process,12ch-4band-lr48,automation,512,6,17291787,
pass-a,current-legacy,79c3b6fbd830ab692d73e82e4b883b5d3bd49f8e13084ba2addf8912a3ade0d0,process,12ch-4band-lr48,automation,512,7,17213128,
pass-a,current-legacy,79c3b6fbd830ab692d73e82e4b883b5d3bd49f8e13084ba2addf8912a3ade0d0,process,12ch-4band-lr48,automation,512,8,17280926,
pass-a,current-legacy,79c3b6fbd830ab692d73e82e4b883b5d3bd49f8e13084ba2addf8912a3ade0d0,process,12ch-4band-lr48,steady,2048,0,16973955,
pass-a,current-legacy,79c3b6fbd830ab692d73e82e4b883b5d3bd49f8e13084ba2addf8912a3ade0d0,process,12ch-4band-lr48,steady,2048,1,16951272,
pass-a,current-legacy,79c3b6fbd830ab692d73e82e4b883b5d3bd49f8e13084ba2addf8912a3ade0d0,process,12ch-4band-lr48,steady,2048,2,16907910,
pass-a,current-legacy,79c3b6fbd830ab692d73e82e4b883b5d3bd49f8e13084ba2addf8912a3ade0d0,process,12ch-4band-lr48,steady,2048,3,16929550,
pass-a,current-legacy,79c3b6fbd830ab692d73e82e4b883b5d3bd49f8e13084ba2addf8912a3ade0d0,process,12ch-4band-lr48,steady,2048,4,16937345,
pass-a,current-legacy,79c3b6fbd830ab692d73e82e4b883b5d3bd49f8e13084ba2addf8912a3ade0d0,process,12ch-4band-lr48,steady,2048,5,16952594,
pass-a,current-legacy,79c3b6fbd830ab692d73e82e4b883b5d3bd49f8e13084ba2addf8912a3ade0d0,process,12ch-4band-lr48,steady,2048,6,16927607,
pass-a,current-legacy,79c3b6fbd830ab692d73e82e4b883b5d3bd49f8e13084ba2addf8912a3ade0d0,process,12ch-4band-lr48,steady,2048,7,16929891,
pass-a,current-legacy,79c3b6fbd830ab692d73e82e4b883b5d3bd49f8e13084ba2addf8912a3ade0d0,process,12ch-4band-lr48,steady,2048,8,16936464,
pass-a,current-legacy,79c3b6fbd830ab692d73e82e4b883b5d3bd49f8e13084ba2addf8912a3ade0d0,process,12ch-4band-lr48,automation,2048,0,17454314,
pass-a,current-legacy,79c3b6fbd830ab692d73e82e4b883b5d3bd49f8e13084ba2addf8912a3ade0d0,process,12ch-4band-lr48,automation,2048,1,17433715,
pass-a,current-legacy,79c3b6fbd830ab692d73e82e4b883b5d3bd49f8e13084ba2addf8912a3ade0d0,process,12ch-4band-lr48,automation,2048,2,17412305,
pass-a,current-legacy,79c3b6fbd830ab692d73e82e4b883b5d3bd49f8e13084ba2addf8912a3ade0d0,process,12ch-4band-lr48,automation,2048,3,17481225,
pass-a,current-legacy,79c3b6fbd830ab692d73e82e4b883b5d3bd49f8e13084ba2addf8912a3ade0d0,process,12ch-4band-lr48,automation,2048,4,17435568,
pass-a,current-legacy,79c3b6fbd830ab692d73e82e4b883b5d3bd49f8e13084ba2addf8912a3ade0d0,process,12ch-4band-lr48,automation,2048,5,17482017,
pass-a,current-legacy,79c3b6fbd830ab692d73e82e4b883b5d3bd49f8e13084ba2addf8912a3ade0d0,process,12ch-4band-lr48,automation,2048,6,17380625,
pass-a,current-legacy,79c3b6fbd830ab692d73e82e4b883b5d3bd49f8e13084ba2addf8912a3ade0d0,process,12ch-4band-lr48,automation,2048,7,17376086,
pass-a,current-legacy,79c3b6fbd830ab692d73e82e4b883b5d3bd49f8e13084ba2addf8912a3ade0d0,process,12ch-4band-lr48,automation,2048,8,17420800,
pass-a,current-phase,79c3b6fbd830ab692d73e82e4b883b5d3bd49f8e13084ba2addf8912a3ade0d0,setup,stereo-2band-lr24,,,0,,10185
pass-a,current-phase,79c3b6fbd830ab692d73e82e4b883b5d3bd49f8e13084ba2addf8912a3ade0d0,setup,stereo-2band-lr24,,,1,,5464
pass-a,current-phase,79c3b6fbd830ab692d73e82e4b883b5d3bd49f8e13084ba2addf8912a3ade0d0,setup,stereo-2band-lr24,,,2,,5270
pass-a,current-phase,79c3b6fbd830ab692d73e82e4b883b5d3bd49f8e13084ba2addf8912a3ade0d0,setup,stereo-2band-lr24,,,3,,5358
pass-a,current-phase,79c3b6fbd830ab692d73e82e4b883b5d3bd49f8e13084ba2addf8912a3ade0d0,setup,stereo-2band-lr24,,,4,,3040
pass-a,current-phase,79c3b6fbd830ab692d73e82e4b883b5d3bd49f8e13084ba2addf8912a3ade0d0,setup,stereo-2band-lr24,,,5,,2800
pass-a,current-phase,79c3b6fbd830ab692d73e82e4b883b5d3bd49f8e13084ba2addf8912a3ade0d0,setup,stereo-2band-lr24,,,6,,2791
pass-a,current-phase,79c3b6fbd830ab692d73e82e4b883b5d3bd49f8e13084ba2addf8912a3ade0d0,setup,stereo-2band-lr24,,,7,,2793
pass-a,current-phase,79c3b6fbd830ab692d73e82e4b883b5d3bd49f8e13084ba2addf8912a3ade0d0,setup,stereo-2band-lr24,,,8,,2803
pass-a,current-phase,79c3b6fbd830ab692d73e82e4b883b5d3bd49f8e13084ba2addf8912a3ade0d0,process,stereo-2band-lr24,steady,32,0,1507554,
pass-a,current-phase,79c3b6fbd830ab692d73e82e4b883b5d3bd49f8e13084ba2addf8912a3ade0d0,process,stereo-2band-lr24,steady,32,1,1387387,
pass-a,current-phase,79c3b6fbd830ab692d73e82e4b883b5d3bd49f8e13084ba2addf8912a3ade0d0,process,stereo-2band-lr24,steady,32,2,1198990,
pass-a,current-phase,79c3b6fbd830ab692d73e82e4b883b5d3bd49f8e13084ba2addf8912a3ade0d0,process,stereo-2band-lr24,steady,32,3,1206844,
pass-a,current-phase,79c3b6fbd830ab692d73e82e4b883b5d3bd49f8e13084ba2addf8912a3ade0d0,process,stereo-2band-lr24,steady,32,4,1203549,
pass-a,current-phase,79c3b6fbd830ab692d73e82e4b883b5d3bd49f8e13084ba2addf8912a3ade0d0,process,stereo-2band-lr24,steady,32,5,1195162,
pass-a,current-phase,79c3b6fbd830ab692d73e82e4b883b5d3bd49f8e13084ba2addf8912a3ade0d0,process,stereo-2band-lr24,steady,32,6,1212486,
pass-a,current-phase,79c3b6fbd830ab692d73e82e4b883b5d3bd49f8e13084ba2addf8912a3ade0d0,process,stereo-2band-lr24,steady,32,7,1207907,
pass-a,current-phase,79c3b6fbd830ab692d73e82e4b883b5d3bd49f8e13084ba2addf8912a3ade0d0,process,stereo-2band-lr24,steady,32,8,1210381,
pass-a,current-phase,79c3b6fbd830ab692d73e82e4b883b5d3bd49f8e13084ba2addf8912a3ade0d0,process,stereo-2band-lr24,automation,32,0,1295303,
pass-a,current-phase,79c3b6fbd830ab692d73e82e4b883b5d3bd49f8e13084ba2addf8912a3ade0d0,process,stereo-2band-lr24,automation,32,1,1293369,
pass-a,current-phase,79c3b6fbd830ab692d73e82e4b883b5d3bd49f8e13084ba2addf8912a3ade0d0,process,stereo-2band-lr24,automation,32,2,1291895,
pass-a,current-phase,79c3b6fbd830ab692d73e82e4b883b5d3bd49f8e13084ba2addf8912a3ade0d0,process,stereo-2band-lr24,automation,32,3,1287577,
pass-a,current-phase,79c3b6fbd830ab692d73e82e4b883b5d3bd49f8e13084ba2addf8912a3ade0d0,process,stereo-2band-lr24,automation,32,4,1301354,
pass-a,current-phase,79c3b6fbd830ab692d73e82e4b883b5d3bd49f8e13084ba2addf8912a3ade0d0,process,stereo-2band-lr24,automation,32,5,1289652,
pass-a,current-phase,79c3b6fbd830ab692d73e82e4b883b5d3bd49f8e13084ba2addf8912a3ade0d0,process,stereo-2band-lr24,automation,32,6,1291876,
pass-a,current-phase,79c3b6fbd830ab692d73e82e4b883b5d3bd49f8e13084ba2addf8912a3ade0d0,process,stereo-2band-lr24,automation,32,7,1288719,
pass-a,current-phase,79c3b6fbd830ab692d73e82e4b883b5d3bd49f8e13084ba2addf8912a3ade0d0,process,stereo-2band-lr24,automation,32,8,1287608,
pass-a,current-phase,79c3b6fbd830ab692d73e82e4b883b5d3bd49f8e13084ba2addf8912a3ade0d0,process,stereo-2band-lr24,steady,512,0,1205773,
pass-a,current-phase,79c3b6fbd830ab692d73e82e4b883b5d3bd49f8e13084ba2addf8912a3ade0d0,process,stereo-2band-lr24,steady,512,1,1205772,
pass-a,current-phase,79c3b6fbd830ab692d73e82e4b883b5d3bd49f8e13084ba2addf8912a3ade0d0,process,stereo-2band-lr24,steady,512,2,1209921,
pass-a,current-phase,79c3b6fbd830ab692d73e82e4b883b5d3bd49f8e13084ba2addf8912a3ade0d0,process,stereo-2band-lr24,steady,512,3,1203178,
pass-a,current-phase,79c3b6fbd830ab692d73e82e4b883b5d3bd49f8e13084ba2addf8912a3ade0d0,process,stereo-2band-lr24,steady,512,4,1200713,
pass-a,current-phase,79c3b6fbd830ab692d73e82e4b883b5d3bd49f8e13084ba2addf8912a3ade0d0,process,stereo-2band-lr24,steady,512,5,1202276,
pass-a,current-phase,79c3b6fbd830ab692d73e82e4b883b5d3bd49f8e13084ba2addf8912a3ade0d0,process,stereo-2band-lr24,steady,512,6,1205572,
pass-a,current-phase,79c3b6fbd830ab692d73e82e4b883b5d3bd49f8e13084ba2addf8912a3ade0d0,process,stereo-2band-lr24,steady,512,7,1265817,
pass-a,current-phase,79c3b6fbd830ab692d73e82e4b883b5d3bd49f8e13084ba2addf8912a3ade0d0,process,stereo-2band-lr24,steady,512,8,1207906,
pass-a,current-phase,79c3b6fbd830ab692d73e82e4b883b5d3bd49f8e13084ba2addf8912a3ade0d0,process,stereo-2band-lr24,automation,512,0,1277399,
pass-a,current-phase,79c3b6fbd830ab692d73e82e4b883b5d3bd49f8e13084ba2addf8912a3ade0d0,process,stereo-2band-lr24,automation,512,1,1274292,
pass-a,current-phase,79c3b6fbd830ab692d73e82e4b883b5d3bd49f8e13084ba2addf8912a3ade0d0,process,stereo-2band-lr24,automation,512,2,1269624,
pass-a,current-phase,79c3b6fbd830ab692d73e82e4b883b5d3bd49f8e13084ba2addf8912a3ade0d0,process,stereo-2band-lr24,automation,512,3,1267189,
pass-a,current-phase,79c3b6fbd830ab692d73e82e4b883b5d3bd49f8e13084ba2addf8912a3ade0d0,process,stereo-2band-lr24,automation,512,4,1274282,
pass-a,current-phase,79c3b6fbd830ab692d73e82e4b883b5d3bd49f8e13084ba2addf8912a3ade0d0,process,stereo-2band-lr24,automation,512,5,1273701,
pass-a,current-phase,79c3b6fbd830ab692d73e82e4b883b5d3bd49f8e13084ba2addf8912a3ade0d0,process,stereo-2band-lr24,automation,512,6,1269444,
pass-a,current-phase,79c3b6fbd830ab692d73e82e4b883b5d3bd49f8e13084ba2addf8912a3ade0d0,process,stereo-2band-lr24,automation,512,7,1269864,
pass-a,current-phase,79c3b6fbd830ab692d73e82e4b883b5d3bd49f8e13084ba2addf8912a3ade0d0,process,stereo-2band-lr24,automation,512,8,1270776,
pass-a,current-phase,79c3b6fbd830ab692d73e82e4b883b5d3bd49f8e13084ba2addf8912a3ade0d0,process,stereo-2band-lr24,steady,2048,0,1200814,
pass-a,current-phase,79c3b6fbd830ab692d73e82e4b883b5d3bd49f8e13084ba2addf8912a3ade0d0,process,stereo-2band-lr24,steady,2048,1,1207566,
pass-a,current-phase,79c3b6fbd830ab692d73e82e4b883b5d3bd49f8e13084ba2addf8912a3ade0d0,process,stereo-2band-lr24,steady,2048,2,1211965,
pass-a,current-phase,79c3b6fbd830ab692d73e82e4b883b5d3bd49f8e13084ba2addf8912a3ade0d0,process,stereo-2band-lr24,steady,2048,3,1202116,
pass-a,current-phase,79c3b6fbd830ab692d73e82e4b883b5d3bd49f8e13084ba2addf8912a3ade0d0,process,stereo-2band-lr24,steady,2048,4,1216362,
pass-a,current-phase,79c3b6fbd830ab692d73e82e4b883b5d3bd49f8e13084ba2addf8912a3ade0d0,process,stereo-2band-lr24,steady,2048,5,1200152,
pass-a,current-phase,79c3b6fbd830ab692d73e82e4b883b5d3bd49f8e13084ba2addf8912a3ade0d0,process,stereo-2band-lr24,steady,2048,6,1204380,
pass-a,current-phase,79c3b6fbd830ab692d73e82e4b883b5d3bd49f8e13084ba2addf8912a3ade0d0,process,stereo-2band-lr24,steady,2048,7,1204480,
pass-a,current-phase,79c3b6fbd830ab692d73e82e4b883b5d3bd49f8e13084ba2addf8912a3ade0d0,process,stereo-2band-lr24,steady,2048,8,1212215,
pass-a,current-phase,79c3b6fbd830ab692d73e82e4b883b5d3bd49f8e13084ba2addf8912a3ade0d0,process,stereo-2band-lr24,automation,2048,0,1279202,
pass-a,current-phase,79c3b6fbd830ab692d73e82e4b883b5d3bd49f8e13084ba2addf8912a3ade0d0,process,stereo-2band-lr24,automation,2048,1,1277990,
pass-a,current-phase,79c3b6fbd830ab692d73e82e4b883b5d3bd49f8e13084ba2addf8912a3ade0d0,process,stereo-2band-lr24,automation,2048,2,1277007,
pass-a,current-phase,79c3b6fbd830ab692d73e82e4b883b5d3bd49f8e13084ba2addf8912a3ade0d0,process,stereo-2band-lr24,automation,2048,3,1276296,
pass-a,current-phase,79c3b6fbd830ab692d73e82e4b883b5d3bd49f8e13084ba2addf8912a3ade0d0,process,stereo-2band-lr24,automation,2048,4,1273090,
pass-a,current-phase,79c3b6fbd830ab692d73e82e4b883b5d3bd49f8e13084ba2addf8912a3ade0d0,process,stereo-2band-lr24,automation,2048,5,1302215,
pass-a,current-phase,79c3b6fbd830ab692d73e82e4b883b5d3bd49f8e13084ba2addf8912a3ade0d0,process,stereo-2band-lr24,automation,2048,6,1288920,
pass-a,current-phase,79c3b6fbd830ab692d73e82e4b883b5d3bd49f8e13084ba2addf8912a3ade0d0,process,stereo-2band-lr24,automation,2048,7,1273622,
pass-a,current-phase,79c3b6fbd830ab692d73e82e4b883b5d3bd49f8e13084ba2addf8912a3ade0d0,process,stereo-2band-lr24,automation,2048,8,1276897,
pass-a,current-phase,79c3b6fbd830ab692d73e82e4b883b5d3bd49f8e13084ba2addf8912a3ade0d0,setup,stereo-4band-lr24,,,0,,6415
pass-a,current-phase,79c3b6fbd830ab692d73e82e4b883b5d3bd49f8e13084ba2addf8912a3ade0d0,setup,stereo-4band-lr24,,,1,,6447
pass-a,current-phase,79c3b6fbd830ab692d73e82e4b883b5d3bd49f8e13084ba2addf8912a3ade0d0,setup,stereo-4band-lr24,,,2,,6422
pass-a,current-phase,79c3b6fbd830ab692d73e82e4b883b5d3bd49f8e13084ba2addf8912a3ade0d0,setup,stereo-4band-lr24,,,3,,6429
pass-a,current-phase,79c3b6fbd830ab692d73e82e4b883b5d3bd49f8e13084ba2addf8912a3ade0d0,setup,stereo-4band-lr24,,,4,,6351
pass-a,current-phase,79c3b6fbd830ab692d73e82e4b883b5d3bd49f8e13084ba2addf8912a3ade0d0,setup,stereo-4band-lr24,,,5,,6437
pass-a,current-phase,79c3b6fbd830ab692d73e82e4b883b5d3bd49f8e13084ba2addf8912a3ade0d0,setup,stereo-4band-lr24,,,6,,6360
pass-a,current-phase,79c3b6fbd830ab692d73e82e4b883b5d3bd49f8e13084ba2addf8912a3ade0d0,setup,stereo-4band-lr24,,,7,,6447
pass-a,current-phase,79c3b6fbd830ab692d73e82e4b883b5d3bd49f8e13084ba2addf8912a3ade0d0,setup,stereo-4band-lr24,,,8,,6348
pass-a,current-phase,79c3b6fbd830ab692d73e82e4b883b5d3bd49f8e13084ba2addf8912a3ade0d0,process,stereo-4band-lr24,steady,32,0,4650715,
pass-a,current-phase,79c3b6fbd830ab692d73e82e4b883b5d3bd49f8e13084ba2addf8912a3ade0d0,process,stereo-4band-lr24,steady,32,1,4527863,
pass-a,current-phase,79c3b6fbd830ab692d73e82e4b883b5d3bd49f8e13084ba2addf8912a3ade0d0,process,stereo-4band-lr24,steady,32,2,4130109,
pass-a,current-phase,79c3b6fbd830ab692d73e82e4b883b5d3bd49f8e13084ba2addf8912a3ade0d0,process,stereo-4band-lr24,steady,32,3,4102848,
pass-a,current-phase,79c3b6fbd830ab692d73e82e4b883b5d3bd49f8e13084ba2addf8912a3ade0d0,process,stereo-4band-lr24,steady,32,4,4141961,
pass-a,current-phase,79c3b6fbd830ab692d73e82e4b883b5d3bd49f8e13084ba2addf8912a3ade0d0,process,stereo-4band-lr24,steady,32,5,4151219,
pass-a,current-phase,79c3b6fbd830ab692d73e82e4b883b5d3bd49f8e13084ba2addf8912a3ade0d0,process,stereo-4band-lr24,steady,32,6,4137764,
pass-a,current-phase,79c3b6fbd830ab692d73e82e4b883b5d3bd49f8e13084ba2addf8912a3ade0d0,process,stereo-4band-lr24,steady,32,7,4130019,
pass-a,current-phase,79c3b6fbd830ab692d73e82e4b883b5d3bd49f8e13084ba2addf8912a3ade0d0,process,stereo-4band-lr24,steady,32,8,4101064,
pass-a,current-phase,79c3b6fbd830ab692d73e82e4b883b5d3bd49f8e13084ba2addf8912a3ade0d0,process,stereo-4band-lr24,automation,32,0,4222534,
pass-a,current-phase,79c3b6fbd830ab692d73e82e4b883b5d3bd49f8e13084ba2addf8912a3ade0d0,process,stereo-4band-lr24,automation,32,1,4198529,
pass-a,current-phase,79c3b6fbd830ab692d73e82e4b883b5d3bd49f8e13084ba2addf8912a3ade0d0,process,stereo-4band-lr24,automation,32,2,4174072,
pass-a,current-phase,79c3b6fbd830ab692d73e82e4b883b5d3bd49f8e13084ba2addf8912a3ade0d0,process,stereo-4band-lr24,automation,32,3,4173331,
pass-a,current-phase,79c3b6fbd830ab692d73e82e4b883b5d3bd49f8e13084ba2addf8912a3ade0d0,process,stereo-4band-lr24,automation,32,4,4203708,
pass-a,current-phase,79c3b6fbd830ab692d73e82e4b883b5d3bd49f8e13084ba2addf8912a3ade0d0,process,stereo-4band-lr24,automation,32,5,4202136,
pass-a,current-phase,79c3b6fbd830ab692d73e82e4b883b5d3bd49f8e13084ba2addf8912a3ade0d0,process,stereo-4band-lr24,automation,32,6,4225008,
pass-a,current-phase,79c3b6fbd830ab692d73e82e4b883b5d3bd49f8e13084ba2addf8912a3ade0d0,process,stereo-4band-lr24,automation,32,7,4222684,
pass-a,current-phase,79c3b6fbd830ab692d73e82e4b883b5d3bd49f8e13084ba2addf8912a3ade0d0,process,stereo-4band-lr24,automation,32,8,4188139,
pass-a,current-phase,79c3b6fbd830ab692d73e82e4b883b5d3bd49f8e13084ba2addf8912a3ade0d0,process,stereo-4band-lr24,steady,512,0,4107937,
pass-a,current-phase,79c3b6fbd830ab692d73e82e4b883b5d3bd49f8e13084ba2addf8912a3ade0d0,process,stereo-4band-lr24,steady,512,1,4105192,
pass-a,current-phase,79c3b6fbd830ab692d73e82e4b883b5d3bd49f8e13084ba2addf8912a3ade0d0,process,stereo-4band-lr24,steady,512,2,4095193,
pass-a,current-phase,79c3b6fbd830ab692d73e82e4b883b5d3bd49f8e13084ba2addf8912a3ade0d0,process,stereo-4band-lr24,steady,512,3,4076398,
pass-a,current-phase,79c3b6fbd830ab692d73e82e4b883b5d3bd49f8e13084ba2addf8912a3ade0d0,process,stereo-4band-lr24,steady,512,4,4123667,
pass-a,current-phase,79c3b6fbd830ab692d73e82e4b883b5d3bd49f8e13084ba2addf8912a3ade0d0,process,stereo-4band-lr24,steady,512,5,4141480,
pass-a,current-phase,79c3b6fbd830ab692d73e82e4b883b5d3bd49f8e13084ba2addf8912a3ade0d0,process,stereo-4band-lr24,steady,512,6,4076938,
pass-a,current-phase,79c3b6fbd830ab692d73e82e4b883b5d3bd49f8e13084ba2addf8912a3ade0d0,process,stereo-4band-lr24,steady,512,7,4139727,
pass-a,current-phase,79c3b6fbd830ab692d73e82e4b883b5d3bd49f8e13084ba2addf8912a3ade0d0,process,stereo-4band-lr24,steady,512,8,4090213,
pass-a,current-phase,79c3b6fbd830ab692d73e82e4b883b5d3bd49f8e13084ba2addf8912a3ade0d0,process,stereo-4band-lr24,automation,512,0,4178190,
pass-a,current-phase,79c3b6fbd830ab692d73e82e4b883b5d3bd49f8e13084ba2addf8912a3ade0d0,process,stereo-4band-lr24,automation,512,1,4183400,
pass-a,current-phase,79c3b6fbd830ab692d73e82e4b883b5d3bd49f8e13084ba2addf8912a3ade0d0,process,stereo-4band-lr24,automation,512,2,4166498,
pass-a,current-phase,79c3b6fbd830ab692d73e82e4b883b5d3bd49f8e13084ba2addf8912a3ade0d0,process,stereo-4band-lr24,automation,512,3,4191956,
pass-a,current-phase,79c3b6fbd830ab692d73e82e4b883b5d3bd49f8e13084ba2addf8912a3ade0d0,process,stereo-4band-lr24,automation,512,4,4157280,
pass-a,current-phase,79c3b6fbd830ab692d73e82e4b883b5d3bd49f8e13084ba2addf8912a3ade0d0,process,stereo-4band-lr24,automation,512,5,4203178,
pass-a,current-phase,79c3b6fbd830ab692d73e82e4b883b5d3bd49f8e13084ba2addf8912a3ade0d0,process,stereo-4band-lr24,automation,512,6,4184261,
pass-a,current-phase,79c3b6fbd830ab692d73e82e4b883b5d3bd49f8e13084ba2addf8912a3ade0d0,process,stereo-4band-lr24,automation,512,7,4184953,
pass-a,current-phase,79c3b6fbd830ab692d73e82e4b883b5d3bd49f8e13084ba2addf8912a3ade0d0,process,stereo-4band-lr24,automation,512,8,4171488,
pass-a,current-phase,79c3b6fbd830ab692d73e82e4b883b5d3bd49f8e13084ba2addf8912a3ade0d0,process,stereo-4band-lr24,steady,2048,0,4113147,
pass-a,current-phase,79c3b6fbd830ab692d73e82e4b883b5d3bd49f8e13084ba2addf8912a3ade0d0,process,stereo-4band-lr24,steady,2048,1,4112677,
pass-a,current-phase,79c3b6fbd830ab692d73e82e4b883b5d3bd49f8e13084ba2addf8912a3ade0d0,process,stereo-4band-lr24,steady,2048,2,4092087,
pass-a,current-phase,79c3b6fbd830ab692d73e82e4b883b5d3bd49f8e13084ba2addf8912a3ade0d0,process,stereo-4band-lr24,steady,2048,3,4113377,
pass-a,current-phase,79c3b6fbd830ab692d73e82e4b883b5d3bd49f8e13084ba2addf8912a3ade0d0,process,stereo-4band-lr24,steady,2048,4,4108037,
pass-a,current-phase,79c3b6fbd830ab692d73e82e4b883b5d3bd49f8e13084ba2addf8912a3ade0d0,process,stereo-4band-lr24,steady,2048,5,4091526,
pass-a,current-phase,79c3b6fbd830ab692d73e82e4b883b5d3bd49f8e13084ba2addf8912a3ade0d0,process,stereo-4band-lr24,steady,2048,6,4091375,
pass-a,current-phase,79c3b6fbd830ab692d73e82e4b883b5d3bd49f8e13084ba2addf8912a3ade0d0,process,stereo-4band-lr24,steady,2048,7,4081246,
pass-a,current-phase,79c3b6fbd830ab692d73e82e4b883b5d3bd49f8e13084ba2addf8912a3ade0d0,process,stereo-4band-lr24,steady,2048,8,4110752,
pass-a,current-phase,79c3b6fbd830ab692d73e82e4b883b5d3bd49f8e13084ba2addf8912a3ade0d0,process,stereo-4band-lr24,automation,2048,0,4183811,
pass-a,current-phase,79c3b6fbd830ab692d73e82e4b883b5d3bd49f8e13084ba2addf8912a3ade0d0,process,stereo-4band-lr24,automation,2048,1,4227243,
pass-a,current-phase,79c3b6fbd830ab692d73e82e4b883b5d3bd49f8e13084ba2addf8912a3ade0d0,process,stereo-4band-lr24,automation,2048,2,4170114,
pass-a,current-phase,79c3b6fbd830ab692d73e82e4b883b5d3bd49f8e13084ba2addf8912a3ade0d0,process,stereo-4band-lr24,automation,2048,3,4182778,
pass-a,current-phase,79c3b6fbd830ab692d73e82e4b883b5d3bd49f8e13084ba2addf8912a3ade0d0,process,stereo-4band-lr24,automation,2048,4,4215440,
pass-a,current-phase,79c3b6fbd830ab692d73e82e4b883b5d3bd49f8e13084ba2addf8912a3ade0d0,process,stereo-4band-lr24,automation,2048,5,4204880,
pass-a,current-phase,79c3b6fbd830ab692d73e82e4b883b5d3bd49f8e13084ba2addf8912a3ade0d0,process,stereo-4band-lr24,automation,2048,6,4182969,
pass-a,current-phase,79c3b6fbd830ab692d73e82e4b883b5d3bd49f8e13084ba2addf8912a3ade0d0,process,stereo-4band-lr24,automation,2048,7,4129328,
pass-a,current-phase,79c3b6fbd830ab692d73e82e4b883b5d3bd49f8e13084ba2addf8912a3ade0d0,process,stereo-4band-lr24,automation,2048,8,4203488,
pass-a,current-phase,79c3b6fbd830ab692d73e82e4b883b5d3bd49f8e13084ba2addf8912a3ade0d0,setup,stereo-2band-lr48,,,0,,3278
pass-a,current-phase,79c3b6fbd830ab692d73e82e4b883b5d3bd49f8e13084ba2addf8912a3ade0d0,setup,stereo-2band-lr48,,,1,,3146
pass-a,current-phase,79c3b6fbd830ab692d73e82e4b883b5d3bd49f8e13084ba2addf8912a3ade0d0,setup,stereo-2band-lr48,,,2,,3139
pass-a,current-phase,79c3b6fbd830ab692d73e82e4b883b5d3bd49f8e13084ba2addf8912a3ade0d0,setup,stereo-2band-lr48,,,3,,3129
pass-a,current-phase,79c3b6fbd830ab692d73e82e4b883b5d3bd49f8e13084ba2addf8912a3ade0d0,setup,stereo-2band-lr48,,,4,,3315
pass-a,current-phase,79c3b6fbd830ab692d73e82e4b883b5d3bd49f8e13084ba2addf8912a3ade0d0,setup,stereo-2band-lr48,,,5,,3135
pass-a,current-phase,79c3b6fbd830ab692d73e82e4b883b5d3bd49f8e13084ba2addf8912a3ade0d0,setup,stereo-2band-lr48,,,6,,3128
pass-a,current-phase,79c3b6fbd830ab692d73e82e4b883b5d3bd49f8e13084ba2addf8912a3ade0d0,setup,stereo-2band-lr48,,,7,,3135
pass-a,current-phase,79c3b6fbd830ab692d73e82e4b883b5d3bd49f8e13084ba2addf8912a3ade0d0,setup,stereo-2band-lr48,,,8,,3555
pass-a,current-phase,79c3b6fbd830ab692d73e82e4b883b5d3bd49f8e13084ba2addf8912a3ade0d0,process,stereo-2band-lr48,steady,32,0,1751456,
pass-a,current-phase,79c3b6fbd830ab692d73e82e4b883b5d3bd49f8e13084ba2addf8912a3ade0d0,process,stereo-2band-lr48,steady,32,1,1735616,
pass-a,current-phase,79c3b6fbd830ab692d73e82e4b883b5d3bd49f8e13084ba2addf8912a3ade0d0,process,stereo-2band-lr48,steady,32,2,1753690,
pass-a,current-phase,79c3b6fbd830ab692d73e82e4b883b5d3bd49f8e13084ba2addf8912a3ade0d0,process,stereo-2band-lr48,steady,32,3,1733592,
pass-a,current-phase,79c3b6fbd830ab692d73e82e4b883b5d3bd49f8e13084ba2addf8912a3ade0d0,process,stereo-2band-lr48,steady,32,4,1739794,
pass-a,current-phase,79c3b6fbd830ab692d73e82e4b883b5d3bd49f8e13084ba2addf8912a3ade0d0,process,stereo-2band-lr48,steady,32,5,1786342,
pass-a,current-phase,79c3b6fbd830ab692d73e82e4b883b5d3bd49f8e13084ba2addf8912a3ade0d0,process,stereo-2band-lr48,steady,32,6,1750995,
pass-a,current-phase,79c3b6fbd830ab692d73e82e4b883b5d3bd49f8e13084ba2addf8912a3ade0d0,process,stereo-2band-lr48,steady,32,7,1748560,
pass-a,current-phase,79c3b6fbd830ab692d73e82e4b883b5d3bd49f8e13084ba2addf8912a3ade0d0,process,stereo-2band-lr48,steady,32,8,1748721,
pass-a,current-phase,79c3b6fbd830ab692d73e82e4b883b5d3bd49f8e13084ba2addf8912a3ade0d0,process,stereo-2band-lr48,automation,32,0,1852598,
pass-a,current-phase,79c3b6fbd830ab692d73e82e4b883b5d3bd49f8e13084ba2addf8912a3ade0d0,process,stereo-2band-lr48,automation,32,1,1841416,
pass-a,current-phase,79c3b6fbd830ab692d73e82e4b883b5d3bd49f8e13084ba2addf8912a3ade0d0,process,stereo-2band-lr48,automation,32,2,1839372,
pass-a,current-phase,79c3b6fbd830ab692d73e82e4b883b5d3bd49f8e13084ba2addf8912a3ade0d0,process,stereo-2band-lr48,automation,32,3,1849181,
pass-a,current-phase,79c3b6fbd830ab692d73e82e4b883b5d3bd49f8e13084ba2addf8912a3ade0d0,process,stereo-2band-lr48,automation,32,4,1847127,
pass-a,current-phase,79c3b6fbd830ab692d73e82e4b883b5d3bd49f8e13084ba2addf8912a3ade0d0,process,stereo-2band-lr48,automation,32,5,1860022,
pass-a,current-phase,79c3b6fbd830ab692d73e82e4b883b5d3bd49f8e13084ba2addf8912a3ade0d0,process,stereo-2band-lr48,automation,32,6,1843971,
pass-a,current-phase,79c3b6fbd830ab692d73e82e4b883b5d3bd49f8e13084ba2addf8912a3ade0d0,process,stereo-2band-lr48,automation,32,7,1845825,
pass-a,current-phase,79c3b6fbd830ab692d73e82e4b883b5d3bd49f8e13084ba2addf8912a3ade0d0,process,stereo-2band-lr48,automation,32,8,1856504,
pass-a,current-phase,79c3b6fbd830ab692d73e82e4b883b5d3bd49f8e13084ba2addf8912a3ade0d0,process,stereo-2band-lr48,steady,512,0,1727791,
pass-a,current-phase,79c3b6fbd830ab692d73e82e4b883b5d3bd49f8e13084ba2addf8912a3ade0d0,process,stereo-2band-lr48,steady,512,1,1718824,
pass-a,current-phase,79c3b6fbd830ab692d73e82e4b883b5d3bd49f8e13084ba2addf8912a3ade0d0,process,stereo-2band-lr48,steady,512,2,1714947,
pass-a,current-phase,79c3b6fbd830ab692d73e82e4b883b5d3bd49f8e13084ba2addf8912a3ade0d0,process,stereo-2band-lr48,steady,512,3,1715097,
pass-a,current-phase,79c3b6fbd830ab692d73e82e4b883b5d3bd49f8e13084ba2addf8912a3ade0d0,process,stereo-2band-lr48,steady,512,4,1709086,
pass-a,current-phase,79c3b6fbd830ab692d73e82e4b883b5d3bd49f8e13084ba2addf8912a3ade0d0,process,stereo-2band-lr48,steady,512,5,1718894,
pass-a,current-phase,79c3b6fbd830ab692d73e82e4b883b5d3bd49f8e13084ba2addf8912a3ade0d0,process,stereo-2band-lr48,steady,512,6,1717331,
pass-a,current-phase,79c3b6fbd830ab692d73e82e4b883b5d3bd49f8e13084ba2addf8912a3ade0d0,process,stereo-2band-lr48,steady,512,7,1705038,
pass-a,current-phase,79c3b6fbd830ab692d73e82e4b883b5d3bd49f8e13084ba2addf8912a3ade0d0,process,stereo-2band-lr48,steady,512,8,1716560,
pass-a,current-phase,79c3b6fbd830ab692d73e82e4b883b5d3bd49f8e13084ba2addf8912a3ade0d0,process,stereo-2band-lr48,automation,512,0,1849512,
pass-a,current-phase,79c3b6fbd830ab692d73e82e4b883b5d3bd49f8e13084ba2addf8912a3ade0d0,process,stereo-2band-lr48,automation,512,1,1837368,
pass-a,current-phase,79c3b6fbd830ab692d73e82e4b883b5d3bd49f8e13084ba2addf8912a3ade0d0,process,stereo-2band-lr48,automation,512,2,1807603,
pass-a,current-phase,79c3b6fbd830ab692d73e82e4b883b5d3bd49f8e13084ba2addf8912a3ade0d0,process,stereo-2band-lr48,automation,512,3,1819805,
pass-a,current-phase,79c3b6fbd830ab692d73e82e4b883b5d3bd49f8e13084ba2addf8912a3ade0d0,process,stereo-2band-lr48,automation,512,4,1817090,
pass-a,current-phase,79c3b6fbd830ab692d73e82e4b883b5d3bd49f8e13084ba2addf8912a3ade0d0,process,stereo-2band-lr48,automation,512,5,1822781,
pass-a,current-phase,79c3b6fbd830ab692d73e82e4b883b5d3bd49f8e13084ba2addf8912a3ade0d0,process,stereo-2band-lr48,automation,512,6,1818774,
pass-a,current-phase,79c3b6fbd830ab692d73e82e4b883b5d3bd49f8e13084ba2addf8912a3ade0d0,process,stereo-2band-lr48,automation,512,7,1816448,
pass-a,current-phase,79c3b6fbd830ab692d73e82e4b883b5d3bd49f8e13084ba2addf8912a3ade0d0,process,stereo-2band-lr48,automation,512,8,1825606,
pass-a,current-phase,79c3b6fbd830ab692d73e82e4b883b5d3bd49f8e13084ba2addf8912a3ade0d0,process,stereo-2band-lr48,steady,2048,0,1719064,
pass-a,current-phase,79c3b6fbd830ab692d73e82e4b883b5d3bd49f8e13084ba2addf8912a3ade0d0,process,stereo-2band-lr48,steady,2048,1,1719876,
pass-a,current-phase,79c3b6fbd830ab692d73e82e4b883b5d3bd49f8e13084ba2addf8912a3ade0d0,process,stereo-2band-lr48,steady,2048,2,1715287,
pass-a,current-phase,79c3b6fbd830ab692d73e82e4b883b5d3bd49f8e13084ba2addf8912a3ade0d0,process,stereo-2band-lr48,steady,2048,3,1703635,
pass-a,current-phase,79c3b6fbd830ab692d73e82e4b883b5d3bd49f8e13084ba2addf8912a3ade0d0,process,stereo-2band-lr48,steady,2048,4,1715979,
pass-a,current-phase,79c3b6fbd830ab692d73e82e4b883b5d3bd49f8e13084ba2addf8912a3ade0d0,process,stereo-2band-lr48,steady,2048,5,1732039,
pass-a,current-phase,79c3b6fbd830ab692d73e82e4b883b5d3bd49f8e13084ba2addf8912a3ade0d0,process,stereo-2band-lr48,steady,2048,6,1712332,
pass-a,current-phase,79c3b6fbd830ab692d73e82e4b883b5d3bd49f8e13084ba2addf8912a3ade0d0,process,stereo-2band-lr48,steady,2048,7,1719566,
pass-a,current-phase,79c3b6fbd830ab692d73e82e4b883b5d3bd49f8e13084ba2addf8912a3ade0d0,process,stereo-2band-lr48,steady,2048,8,1716319,
pass-a,current-phase,79c3b6fbd830ab692d73e82e4b883b5d3bd49f8e13084ba2addf8912a3ade0d0,process,stereo-2band-lr48,automation,2048,0,1823783,
pass-a,current-phase,79c3b6fbd830ab692d73e82e4b883b5d3bd49f8e13084ba2addf8912a3ade0d0,process,stereo-2band-lr48,automation,2048,1,1821067,
pass-a,current-phase,79c3b6fbd830ab692d73e82e4b883b5d3bd49f8e13084ba2addf8912a3ade0d0,process,stereo-2band-lr48,automation,2048,2,1810177,
pass-a,current-phase,79c3b6fbd830ab692d73e82e4b883b5d3bd49f8e13084ba2addf8912a3ade0d0,process,stereo-2band-lr48,automation,2048,3,1870652,
pass-a,current-phase,79c3b6fbd830ab692d73e82e4b883b5d3bd49f8e13084ba2addf8912a3ade0d0,process,stereo-2band-lr48,automation,2048,4,1823091,
pass-a,current-phase,79c3b6fbd830ab692d73e82e4b883b5d3bd49f8e13084ba2addf8912a3ade0d0,process,stereo-2band-lr48,automation,2048,5,1821539,
pass-a,current-phase,79c3b6fbd830ab692d73e82e4b883b5d3bd49f8e13084ba2addf8912a3ade0d0,process,stereo-2band-lr48,automation,2048,6,1813664,
pass-a,current-phase,79c3b6fbd830ab692d73e82e4b883b5d3bd49f8e13084ba2addf8912a3ade0d0,process,stereo-2band-lr48,automation,2048,7,1824724,
pass-a,current-phase,79c3b6fbd830ab692d73e82e4b883b5d3bd49f8e13084ba2addf8912a3ade0d0,process,stereo-2band-lr48,automation,2048,8,1840444,
pass-a,current-phase,79c3b6fbd830ab692d73e82e4b883b5d3bd49f8e13084ba2addf8912a3ade0d0,setup,stereo-4band-lr48,,,0,,9504
pass-a,current-phase,79c3b6fbd830ab692d73e82e4b883b5d3bd49f8e13084ba2addf8912a3ade0d0,setup,stereo-4band-lr48,,,1,,9352
pass-a,current-phase,79c3b6fbd830ab692d73e82e4b883b5d3bd49f8e13084ba2addf8912a3ade0d0,setup,stereo-4band-lr48,,,2,,9498
pass-a,current-phase,79c3b6fbd830ab692d73e82e4b883b5d3bd49f8e13084ba2addf8912a3ade0d0,setup,stereo-4band-lr48,,,3,,9403
pass-a,current-phase,79c3b6fbd830ab692d73e82e4b883b5d3bd49f8e13084ba2addf8912a3ade0d0,setup,stereo-4band-lr48,,,4,,9318
pass-a,current-phase,79c3b6fbd830ab692d73e82e4b883b5d3bd49f8e13084ba2addf8912a3ade0d0,setup,stereo-4band-lr48,,,5,,9315
pass-a,current-phase,79c3b6fbd830ab692d73e82e4b883b5d3bd49f8e13084ba2addf8912a3ade0d0,setup,stereo-4band-lr48,,,6,,9437
pass-a,current-phase,79c3b6fbd830ab692d73e82e4b883b5d3bd49f8e13084ba2addf8912a3ade0d0,setup,stereo-4band-lr48,,,7,,9345
pass-a,current-phase,79c3b6fbd830ab692d73e82e4b883b5d3bd49f8e13084ba2addf8912a3ade0d0,setup,stereo-4band-lr48,,,8,,9425
pass-a,current-phase,79c3b6fbd830ab692d73e82e4b883b5d3bd49f8e13084ba2addf8912a3ade0d0,process,stereo-4band-lr48,steady,32,0,7760081,
pass-a,current-phase,79c3b6fbd830ab692d73e82e4b883b5d3bd49f8e13084ba2addf8912a3ade0d0,process,stereo-4band-lr48,steady,32,1,7519476,
pass-a,current-phase,79c3b6fbd830ab692d73e82e4b883b5d3bd49f8e13084ba2addf8912a3ade0d0,process,stereo-4band-lr48,steady,32,2,7599197,
pass-a,current-phase,79c3b6fbd830ab692d73e82e4b883b5d3bd49f8e13084ba2addf8912a3ade0d0,process,stereo-4band-lr48,steady,32,3,7531448,
pass-a,current-phase,79c3b6fbd830ab692d73e82e4b883b5d3bd49f8e13084ba2addf8912a3ade0d0,process,stereo-4band-lr48,steady,32,4,7510158,
pass-a,current-phase,79c3b6fbd830ab692d73e82e4b883b5d3bd49f8e13084ba2addf8912a3ade0d0,process,stereo-4band-lr48,steady,32,5,7558339,
pass-a,current-phase,79c3b6fbd830ab692d73e82e4b883b5d3bd49f8e13084ba2addf8912a3ade0d0,process,stereo-4band-lr48,steady,32,6,7588977,
pass-a,current-phase,79c3b6fbd830ab692d73e82e4b883b5d3bd49f8e13084ba2addf8912a3ade0d0,process,stereo-4band-lr48,steady,32,7,7556095,
pass-a,current-phase,79c3b6fbd830ab692d73e82e4b883b5d3bd49f8e13084ba2addf8912a3ade0d0,process,stereo-4band-lr48,steady,32,8,7566825,
pass-a,current-phase,79c3b6fbd830ab692d73e82e4b883b5d3bd49f8e13084ba2addf8912a3ade0d0,process,stereo-4band-lr48,automation,32,0,7714445,
pass-a,current-phase,79c3b6fbd830ab692d73e82e4b883b5d3bd49f8e13084ba2addf8912a3ade0d0,process,stereo-4band-lr48,automation,32,1,7674719,
pass-a,current-phase,79c3b6fbd830ab692d73e82e4b883b5d3bd49f8e13084ba2addf8912a3ade0d0,process,stereo-4band-lr48,automation,32,2,7711600,
pass-a,current-phase,79c3b6fbd830ab692d73e82e4b883b5d3bd49f8e13084ba2addf8912a3ade0d0,process,stereo-4band-lr48,automation,32,3,7645494,
pass-a,current-phase,79c3b6fbd830ab692d73e82e4b883b5d3bd49f8e13084ba2addf8912a3ade0d0,process,stereo-4band-lr48,automation,32,4,7725526,
pass-a,current-phase,79c3b6fbd830ab692d73e82e4b883b5d3bd49f8e13084ba2addf8912a3ade0d0,process,stereo-4band-lr48,automation,32,5,7647818,
pass-a,current-phase,79c3b6fbd830ab692d73e82e4b883b5d3bd49f8e13084ba2addf8912a3ade0d0,process,stereo-4band-lr48,automation,32,6,7689588,
pass-a,current-phase,79c3b6fbd830ab692d73e82e4b883b5d3bd49f8e13084ba2addf8912a3ade0d0,process,stereo-4band-lr48,automation,32,7,7701320,
pass-a,current-phase,79c3b6fbd830ab692d73e82e4b883b5d3bd49f8e13084ba2addf8912a3ade0d0,process,stereo-4band-lr48,automation,32,8,7654261,
pass-a,current-phase,79c3b6fbd830ab692d73e82e4b883b5d3bd49f8e13084ba2addf8912a3ade0d0,process,stereo-4band-lr48,steady,512,0,7515288,
pass-a,current-phase,79c3b6fbd830ab692d73e82e4b883b5d3bd49f8e13084ba2addf8912a3ade0d0,process,stereo-4band-lr48,steady,512,1,7527551,
pass-a,current-phase,79c3b6fbd830ab692d73e82e4b883b5d3bd49f8e13084ba2addf8912a3ade0d0,process,stereo-4band-lr48,steady,512,2,7525146,
pass-a,current-phase,79c3b6fbd830ab692d73e82e4b883b5d3bd49f8e13084ba2addf8912a3ade0d0,process,stereo-4band-lr48,steady,512,3,7549773,
pass-a,current-phase,79c3b6fbd830ab692d73e82e4b883b5d3bd49f8e13084ba2addf8912a3ade0d0,process,stereo-4band-lr48,steady,512,4,7517763,
pass-a,current-phase,79c3b6fbd830ab692d73e82e4b883b5d3bd49f8e13084ba2addf8912a3ade0d0,process,stereo-4band-lr48,steady,512,5,7603004,
pass-a,current-phase,79c3b6fbd830ab692d73e82e4b883b5d3bd49f8e13084ba2addf8912a3ade0d0,process,stereo-4band-lr48,steady,512,6,7500710,
pass-a,current-phase,79c3b6fbd830ab692d73e82e4b883b5d3bd49f8e13084ba2addf8912a3ade0d0,process,stereo-4band-lr48,steady,512,7,7531118,
pass-a,current-phase,79c3b6fbd830ab692d73e82e4b883b5d3bd49f8e13084ba2addf8912a3ade0d0,process,stereo-4band-lr48,steady,512,8,7533342,
pass-a,current-phase,79c3b6fbd830ab692d73e82e4b883b5d3bd49f8e13084ba2addf8912a3ade0d0,process,stereo-4band-lr48,automation,512,0,7694266,
pass-a,current-phase,79c3b6fbd830ab692d73e82e4b883b5d3bd49f8e13084ba2addf8912a3ade0d0,process,stereo-4band-lr48,automation,512,1,7620036,
pass-a,current-phase,79c3b6fbd830ab692d73e82e4b883b5d3bd49f8e13084ba2addf8912a3ade0d0,process,stereo-4band-lr48,automation,512,2,7689728,
pass-a,current-phase,79c3b6fbd830ab692d73e82e4b883b5d3bd49f8e13084ba2addf8912a3ade0d0,process,stereo-4band-lr48,automation,512,3,7582405,
pass-a,current-phase,79c3b6fbd830ab692d73e82e4b883b5d3bd49f8e13084ba2addf8912a3ade0d0,process,stereo-4band-lr48,automation,512,4,7590310,
pass-a,current-phase,79c3b6fbd830ab692d73e82e4b883b5d3bd49f8e13084ba2addf8912a3ade0d0,process,stereo-4band-lr48,automation,512,5,7602654,
pass-a,current-phase,79c3b6fbd830ab692d73e82e4b883b5d3bd49f8e13084ba2addf8912a3ade0d0,process,stereo-4band-lr48,automation,512,6,7654131,
pass-a,current-phase,79c3b6fbd830ab692d73e82e4b883b5d3bd49f8e13084ba2addf8912a3ade0d0,process,stereo-4band-lr48,automation,512,7,7636458,
pass-a,current-phase,79c3b6fbd830ab692d73e82e4b883b5d3bd49f8e13084ba2addf8912a3ade0d0,process,stereo-4band-lr48,automation,512,8,7629774,
pass-a,current-phase,79c3b6fbd830ab692d73e82e4b883b5d3bd49f8e13084ba2addf8912a3ade0d0,process,stereo-4band-lr48,steady,2048,0,7507874,
pass-a,current-phase,79c3b6fbd830ab692d73e82e4b883b5d3bd49f8e13084ba2addf8912a3ade0d0,process,stereo-4band-lr48,steady,2048,1,7530877,
pass-a,current-phase,79c3b6fbd830ab692d73e82e4b883b5d3bd49f8e13084ba2addf8912a3ade0d0,process,stereo-4band-lr48,steady,2048,2,7476124,
pass-a,current-phase,79c3b6fbd830ab692d73e82e4b883b5d3bd49f8e13084ba2addf8912a3ade0d0,process,stereo-4band-lr48,steady,2048,3,7535146,
pass-a,current-phase,79c3b6fbd830ab692d73e82e4b883b5d3bd49f8e13084ba2addf8912a3ade0d0,process,stereo-4band-lr48,steady,2048,4,7540456,
pass-a,current-phase,79c3b6fbd830ab692d73e82e4b883b5d3bd49f8e13084ba2addf8912a3ade0d0,process,stereo-4band-lr48,steady,2048,5,7512212,
pass-a,current-phase,79c3b6fbd830ab692d73e82e4b883b5d3bd49f8e13084ba2addf8912a3ade0d0,process,stereo-4band-lr48,steady,2048,6,7545936,
pass-a,current-phase,79c3b6fbd830ab692d73e82e4b883b5d3bd49f8e13084ba2addf8912a3ade0d0,process,stereo-4band-lr48,steady,2048,7,7519495,
pass-a,current-phase,79c3b6fbd830ab692d73e82e4b883b5d3bd49f8e13084ba2addf8912a3ade0d0,process,stereo-4band-lr48,steady,2048,8,7499618,
pass-a,current-phase,79c3b6fbd830ab692d73e82e4b883b5d3bd49f8e13084ba2addf8912a3ade0d0,process,stereo-4band-lr48,automation,2048,0,7650665,
pass-a,current-phase,79c3b6fbd830ab692d73e82e4b883b5d3bd49f8e13084ba2addf8912a3ade0d0,process,stereo-4band-lr48,automation,2048,1,7655413,
pass-a,current-phase,79c3b6fbd830ab692d73e82e4b883b5d3bd49f8e13084ba2addf8912a3ade0d0,process,stereo-4band-lr48,automation,2048,2,7677204,
pass-a,current-phase,79c3b6fbd830ab692d73e82e4b883b5d3bd49f8e13084ba2addf8912a3ade0d0,process,stereo-4band-lr48,automation,2048,3,7624755,
pass-a,current-phase,79c3b6fbd830ab692d73e82e4b883b5d3bd49f8e13084ba2addf8912a3ade0d0,process,stereo-4band-lr48,automation,2048,4,7628703,
pass-a,current-phase,79c3b6fbd830ab692d73e82e4b883b5d3bd49f8e13084ba2addf8912a3ade0d0,process,stereo-4band-lr48,automation,2048,5,7610007,
pass-a,current-phase,79c3b6fbd830ab692d73e82e4b883b5d3bd49f8e13084ba2addf8912a3ade0d0,process,stereo-4band-lr48,automation,2048,6,7641527,
pass-a,current-phase,79c3b6fbd830ab692d73e82e4b883b5d3bd49f8e13084ba2addf8912a3ade0d0,process,stereo-4band-lr48,automation,2048,7,7668598,
pass-a,current-phase,79c3b6fbd830ab692d73e82e4b883b5d3bd49f8e13084ba2addf8912a3ade0d0,process,stereo-4band-lr48,automation,2048,8,7639323,
pass-a,current-phase,79c3b6fbd830ab692d73e82e4b883b5d3bd49f8e13084ba2addf8912a3ade0d0,setup,12ch-4band-lr48,,,0,,48814
pass-a,current-phase,79c3b6fbd830ab692d73e82e4b883b5d3bd49f8e13084ba2addf8912a3ade0d0,setup,12ch-4band-lr48,,,1,,39763
pass-a,current-phase,79c3b6fbd830ab692d73e82e4b883b5d3bd49f8e13084ba2addf8912a3ade0d0,setup,12ch-4band-lr48,,,2,,39760
pass-a,current-phase,79c3b6fbd830ab692d73e82e4b883b5d3bd49f8e13084ba2addf8912a3ade0d0,setup,12ch-4band-lr48,,,3,,39647
pass-a,current-phase,79c3b6fbd830ab692d73e82e4b883b5d3bd49f8e13084ba2addf8912a3ade0d0,setup,12ch-4band-lr48,,,4,,39719
pass-a,current-phase,79c3b6fbd830ab692d73e82e4b883b5d3bd49f8e13084ba2addf8912a3ade0d0,setup,12ch-4band-lr48,,,5,,39442
pass-a,current-phase,79c3b6fbd830ab692d73e82e4b883b5d3bd49f8e13084ba2addf8912a3ade0d0,setup,12ch-4band-lr48,,,6,,39782
pass-a,current-phase,79c3b6fbd830ab692d73e82e4b883b5d3bd49f8e13084ba2addf8912a3ade0d0,setup,12ch-4band-lr48,,,7,,39674
pass-a,current-phase,79c3b6fbd830ab692d73e82e4b883b5d3bd49f8e13084ba2addf8912a3ade0d0,setup,12ch-4band-lr48,,,8,,39337
pass-a,current-phase,79c3b6fbd830ab692d73e82e4b883b5d3bd49f8e13084ba2addf8912a3ade0d0,process,12ch-4band-lr48,steady,32,0,40945046,
pass-a,current-phase,79c3b6fbd830ab692d73e82e4b883b5d3bd49f8e13084ba2addf8912a3ade0d0,process,12ch-4band-lr48,steady,32,1,40138008,
pass-a,current-phase,79c3b6fbd830ab692d73e82e4b883b5d3bd49f8e13084ba2addf8912a3ade0d0,process,12ch-4band-lr48,steady,32,2,37740449,
pass-a,current-phase,79c3b6fbd830ab692d73e82e4b883b5d3bd49f8e13084ba2addf8912a3ade0d0,process,12ch-4band-lr48,steady,32,3,37611355,
pass-a,current-phase,79c3b6fbd830ab692d73e82e4b883b5d3bd49f8e13084ba2addf8912a3ade0d0,process,12ch-4band-lr48,steady,32,4,37767771,
pass-a,current-phase,79c3b6fbd830ab692d73e82e4b883b5d3bd49f8e13084ba2addf8912a3ade0d0,process,12ch-4band-lr48,steady,32,5,37585857,
pass-a,current-phase,79c3b6fbd830ab692d73e82e4b883b5d3bd49f8e13084ba2addf8912a3ade0d0,process,12ch-4band-lr48,steady,32,6,37703550,
pass-a,current-phase,79c3b6fbd830ab692d73e82e4b883b5d3bd49f8e13084ba2addf8912a3ade0d0,process,12ch-4band-lr48,steady,32,7,37547094,
pass-a,current-phase,79c3b6fbd830ab692d73e82e4b883b5d3bd49f8e13084ba2addf8912a3ade0d0,process,12ch-4band-lr48,steady,32,8,37668894,
pass-a,current-phase,79c3b6fbd830ab692d73e82e4b883b5d3bd49f8e13084ba2addf8912a3ade0d0,process,12ch-4band-lr48,automation,32,0,38056958,
pass-a,current-phase,79c3b6fbd830ab692d73e82e4b883b5d3bd49f8e13084ba2addf8912a3ade0d0,process,12ch-4band-lr48,automation,32,1,38148752,
pass-a,current-phase,79c3b6fbd830ab692d73e82e4b883b5d3bd49f8e13084ba2addf8912a3ade0d0,process,12ch-4band-lr48,automation,32,2,38051298,
pass-a,current-phase,79c3b6fbd830ab692d73e82e4b883b5d3bd49f8e13084ba2addf8912a3ade0d0,process,12ch-4band-lr48,automation,32,3,38093598,
pass-a,current-phase,79c3b6fbd830ab692d73e82e4b883b5d3bd49f8e13084ba2addf8912a3ade0d0,process,12ch-4band-lr48,automation,32,4,38424073,
pass-a,current-phase,79c3b6fbd830ab692d73e82e4b883b5d3bd49f8e13084ba2addf8912a3ade0d0,process,12ch-4band-lr48,automation,32,5,38137721,
pass-a,current-phase,79c3b6fbd830ab692d73e82e4b883b5d3bd49f8e13084ba2addf8912a3ade0d0,process,12ch-4band-lr48,automation,32,6,38416249,
pass-a,current-phase,79c3b6fbd830ab692d73e82e4b883b5d3bd49f8e13084ba2addf8912a3ade0d0,process,12ch-4band-lr48,automation,32,7,38131039,
pass-a,current-phase,79c3b6fbd830ab692d73e82e4b883b5d3bd49f8e13084ba2addf8912a3ade0d0,process,12ch-4band-lr48,automation,32,8,38295750,
pass-a,current-phase,79c3b6fbd830ab692d73e82e4b883b5d3bd49f8e13084ba2addf8912a3ade0d0,process,12ch-4band-lr48,steady,512,0,37572582,
pass-a,current-phase,79c3b6fbd830ab692d73e82e4b883b5d3bd49f8e13084ba2addf8912a3ade0d0,process,12ch-4band-lr48,steady,512,1,37665308,
pass-a,current-phase,79c3b6fbd830ab692d73e82e4b883b5d3bd49f8e13084ba2addf8912a3ade0d0,process,12ch-4band-lr48,steady,512,2,37520794,
pass-a,current-phase,79c3b6fbd830ab692d73e82e4b883b5d3bd49f8e13084ba2addf8912a3ade0d0,process,12ch-4band-lr48,steady,512,3,37617446,
pass-a,current-phase,79c3b6fbd830ab692d73e82e4b883b5d3bd49f8e13084ba2addf8912a3ade0d0,process,12ch-4band-lr48,steady,512,4,37861399,
pass-a,current-phase,79c3b6fbd830ab692d73e82e4b883b5d3bd49f8e13084ba2addf8912a3ade0d0,process,12ch-4band-lr48,steady,512,5,37545661,
pass-a,current-phase,79c3b6fbd830ab692d73e82e4b883b5d3bd49f8e13084ba2addf8912a3ade0d0,process,12ch-4band-lr48,steady,512,6,37794101,
pass-a,current-phase,79c3b6fbd830ab692d73e82e4b883b5d3bd49f8e13084ba2addf8912a3ade0d0,process,12ch-4band-lr48,steady,512,7,37614170,
pass-a,current-phase,79c3b6fbd830ab692d73e82e4b883b5d3bd49f8e13084ba2addf8912a3ade0d0,process,12ch-4band-lr48,steady,512,8,37754426,
pass-a,current-phase,79c3b6fbd830ab692d73e82e4b883b5d3bd49f8e13084ba2addf8912a3ade0d0,process,12ch-4band-lr48,automation,512,0,38163700,
pass-a,current-phase,79c3b6fbd830ab692d73e82e4b883b5d3bd49f8e13084ba2addf8912a3ade0d0,process,12ch-4band-lr48,automation,512,1,38279250,
pass-a,current-phase,79c3b6fbd830ab692d73e82e4b883b5d3bd49f8e13084ba2addf8912a3ade0d0,process,12ch-4band-lr48,automation,512,2,38260934,
pass-a,current-phase,79c3b6fbd830ab692d73e82e4b883b5d3bd49f8e13084ba2addf8912a3ade0d0,process,12ch-4band-lr48,automation,512,3,38252970,
pass-a,current-phase,79c3b6fbd830ab692d73e82e4b883b5d3bd49f8e13084ba2addf8912a3ade0d0,process,12ch-4band-lr48,automation,512,4,38089029,
pass-a,current-phase,79c3b6fbd830ab692d73e82e4b883b5d3bd49f8e13084ba2addf8912a3ade0d0,process,12ch-4band-lr48,automation,512,5,38307003,
pass-a,current-phase,79c3b6fbd830ab692d73e82e4b883b5d3bd49f8e13084ba2addf8912a3ade0d0,process,12ch-4band-lr48,automation,512,6,38166927,
pass-a,current-phase,79c3b6fbd830ab692d73e82e4b883b5d3bd49f8e13084ba2addf8912a3ade0d0,process,12ch-4band-lr48,automation,512,7,38221561,
pass-a,current-phase,79c3b6fbd830ab692d73e82e4b883b5d3bd49f8e13084ba2addf8912a3ade0d0,process,12ch-4band-lr48,automation,512,8,38220989,
pass-a,current-phase,79c3b6fbd830ab692d73e82e4b883b5d3bd49f8e13084ba2addf8912a3ade0d0,process,12ch-4band-lr48,steady,2048,0,37479586,
pass-a,current-phase,79c3b6fbd830ab692d73e82e4b883b5d3bd49f8e13084ba2addf8912a3ade0d0,process,12ch-4band-lr48,steady,2048,1,37468916,
pass-a,current-phase,79c3b6fbd830ab692d73e82e4b883b5d3bd49f8e13084ba2addf8912a3ade0d0,process,12ch-4band-lr48,steady,2048,2,37612257,
pass-a,current-phase,79c3b6fbd830ab692d73e82e4b883b5d3bd49f8e13084ba2addf8912a3ade0d0,process,12ch-4band-lr48,steady,2048,3,37563725,
pass-a,current-phase,79c3b6fbd830ab692d73e82e4b883b5d3bd49f8e13084ba2addf8912a3ade0d0,process,12ch-4band-lr48,steady,2048,4,37676268,
pass-a,current-phase,79c3b6fbd830ab692d73e82e4b883b5d3bd49f8e13084ba2addf8912a3ade0d0,process,12ch-4band-lr48,steady,2048,5,37621214,
pass-a,current-phase,79c3b6fbd830ab692d73e82e4b883b5d3bd49f8e13084ba2addf8912a3ade0d0,process,12ch-4band-lr48,steady,2048,6,37640831,
pass-a,current-phase,79c3b6fbd830ab692d73e82e4b883b5d3bd49f8e13084ba2addf8912a3ade0d0,process,12ch-4band-lr48,steady,2048,7,37655750,
pass-a,current-phase,79c3b6fbd830ab692d73e82e4b883b5d3bd49f8e13084ba2addf8912a3ade0d0,process,12ch-4band-lr48,steady,2048,8,37542205,
pass-a,current-phase,79c3b6fbd830ab692d73e82e4b883b5d3bd49f8e13084ba2addf8912a3ade0d0,process,12ch-4band-lr48,automation,2048,0,38162298,
pass-a,current-phase,79c3b6fbd830ab692d73e82e4b883b5d3bd49f8e13084ba2addf8912a3ade0d0,process,12ch-4band-lr48,automation,2048,1,38235346,
pass-a,current-phase,79c3b6fbd830ab692d73e82e4b883b5d3bd49f8e13084ba2addf8912a3ade0d0,process,12ch-4band-lr48,automation,2048,2,37952421,
pass-a,current-phase,79c3b6fbd830ab692d73e82e4b883b5d3bd49f8e13084ba2addf8912a3ade0d0,process,12ch-4band-lr48,automation,2048,3,38110660,
pass-a,current-phase,79c3b6fbd830ab692d73e82e4b883b5d3bd49f8e13084ba2addf8912a3ade0d0,process,12ch-4band-lr48,automation,2048,4,38114538,
pass-a,current-phase,79c3b6fbd830ab692d73e82e4b883b5d3bd49f8e13084ba2addf8912a3ade0d0,process,12ch-4band-lr48,automation,2048,5,38000131,
pass-a,current-phase,79c3b6fbd830ab692d73e82e4b883b5d3bd49f8e13084ba2addf8912a3ade0d0,process,12ch-4band-lr48,automation,2048,6,38007765,
pass-a,current-phase,79c3b6fbd830ab692d73e82e4b883b5d3bd49f8e13084ba2addf8912a3ade0d0,process,12ch-4band-lr48,automation,2048,7,38069863,
pass-a,current-phase,79c3b6fbd830ab692d73e82e4b883b5d3bd49f8e13084ba2addf8912a3ade0d0,process,12ch-4band-lr48,automation,2048,8,37838485,
pass-b,current-phase,79c3b6fbd830ab692d73e82e4b883b5d3bd49f8e13084ba2addf8912a3ade0d0,setup,stereo-2band-lr24,,,0,,10022
pass-b,current-phase,79c3b6fbd830ab692d73e82e4b883b5d3bd49f8e13084ba2addf8912a3ade0d0,setup,stereo-2band-lr24,,,1,,2812
pass-b,current-phase,79c3b6fbd830ab692d73e82e4b883b5d3bd49f8e13084ba2addf8912a3ade0d0,setup,stereo-2band-lr24,,,2,,2896
pass-b,current-phase,79c3b6fbd830ab692d73e82e4b883b5d3bd49f8e13084ba2addf8912a3ade0d0,setup,stereo-2band-lr24,,,3,,2791
pass-b,current-phase,79c3b6fbd830ab692d73e82e4b883b5d3bd49f8e13084ba2addf8912a3ade0d0,setup,stereo-2band-lr24,,,4,,2800
pass-b,current-phase,79c3b6fbd830ab692d73e82e4b883b5d3bd49f8e13084ba2addf8912a3ade0d0,setup,stereo-2band-lr24,,,5,,2822
pass-b,current-phase,79c3b6fbd830ab692d73e82e4b883b5d3bd49f8e13084ba2addf8912a3ade0d0,setup,stereo-2band-lr24,,,6,,2807
pass-b,current-phase,79c3b6fbd830ab692d73e82e4b883b5d3bd49f8e13084ba2addf8912a3ade0d0,setup,stereo-2band-lr24,,,7,,2841
pass-b,current-phase,79c3b6fbd830ab692d73e82e4b883b5d3bd49f8e13084ba2addf8912a3ade0d0,setup,stereo-2band-lr24,,,8,,2791
pass-b,current-phase,79c3b6fbd830ab692d73e82e4b883b5d3bd49f8e13084ba2addf8912a3ade0d0,process,stereo-2band-lr24,steady,32,0,1427773,
pass-b,current-phase,79c3b6fbd830ab692d73e82e4b883b5d3bd49f8e13084ba2addf8912a3ade0d0,process,stereo-2band-lr24,steady,32,1,1397576,
pass-b,current-phase,79c3b6fbd830ab692d73e82e4b883b5d3bd49f8e13084ba2addf8912a3ade0d0,process,stereo-2band-lr24,steady,32,2,1207355,
pass-b,current-phase,79c3b6fbd830ab692d73e82e4b883b5d3bd49f8e13084ba2addf8912a3ade0d0,process,stereo-2band-lr24,steady,32,3,1211303,
pass-b,current-phase,79c3b6fbd830ab692d73e82e4b883b5d3bd49f8e13084ba2addf8912a3ade0d0,process,stereo-2band-lr24,steady,32,4,1203759,
pass-b,current-phase,79c3b6fbd830ab692d73e82e4b883b5d3bd49f8e13084ba2addf8912a3ade0d0,process,stereo-2band-lr24,steady,32,5,1202317,
pass-b,current-phase,79c3b6fbd830ab692d73e82e4b883b5d3bd49f8e13084ba2addf8912a3ade0d0,process,stereo-2band-lr24,steady,32,6,1205683,
pass-b,current-phase,79c3b6fbd830ab692d73e82e4b883b5d3bd49f8e13084ba2addf8912a3ade0d0,process,stereo-2band-lr24,steady,32,7,1208728,
pass-b,current-phase,79c3b6fbd830ab692d73e82e4b883b5d3bd49f8e13084ba2addf8912a3ade0d0,process,stereo-2band-lr24,steady,32,8,1205523,
pass-b,current-phase,79c3b6fbd830ab692d73e82e4b883b5d3bd49f8e13084ba2addf8912a3ade0d0,process,stereo-2band-lr24,automation,32,0,1279883,
pass-b,current-phase,79c3b6fbd830ab692d73e82e4b883b5d3bd49f8e13084ba2addf8912a3ade0d0,process,stereo-2band-lr24,automation,32,1,1276196,
pass-b,current-phase,79c3b6fbd830ab692d73e82e4b883b5d3bd49f8e13084ba2addf8912a3ade0d0,process,stereo-2band-lr24,automation,32,2,1276898,
pass-b,current-phase,79c3b6fbd830ab692d73e82e4b883b5d3bd49f8e13084ba2addf8912a3ade0d0,process,stereo-2band-lr24,automation,32,3,1279212,
pass-b,current-phase,79c3b6fbd830ab692d73e82e4b883b5d3bd49f8e13084ba2addf8912a3ade0d0,process,stereo-2band-lr24,automation,32,4,1283650,
pass-b,current-phase,79c3b6fbd830ab692d73e82e4b883b5d3bd49f8e13084ba2addf8912a3ade0d0,process,stereo-2band-lr24,automation,32,5,1288830,
pass-b,current-phase,79c3b6fbd830ab692d73e82e4b883b5d3bd49f8e13084ba2addf8912a3ade0d0,process,stereo-2band-lr24,automation,32,6,1288169,
pass-b,current-phase,79c3b6fbd830ab692d73e82e4b883b5d3bd49f8e13084ba2addf8912a3ade0d0,process,stereo-2band-lr24,automation,32,7,1292337,
pass-b,current-phase,79c3b6fbd830ab692d73e82e4b883b5d3bd49f8e13084ba2addf8912a3ade0d0,process,stereo-2band-lr24,automation,32,8,1287577,
pass-b,current-phase,79c3b6fbd830ab692d73e82e4b883b5d3bd49f8e13084ba2addf8912a3ade0d0,process,stereo-2band-lr24,steady,512,0,1193369,
pass-b,current-phase,79c3b6fbd830ab692d73e82e4b883b5d3bd49f8e13084ba2addf8912a3ade0d0,process,stereo-2band-lr24,steady,512,1,1211043,
pass-b,current-phase,79c3b6fbd830ab692d73e82e4b883b5d3bd49f8e13084ba2addf8912a3ade0d0,process,stereo-2band-lr24,steady,512,2,1210883,
pass-b,current-phase,79c3b6fbd830ab692d73e82e4b883b5d3bd49f8e13084ba2addf8912a3ade0d0,process,stereo-2band-lr24,steady,512,3,1210793,
pass-b,current-phase,79c3b6fbd830ab692d73e82e4b883b5d3bd49f8e13084ba2addf8912a3ade0d0,process,stereo-2band-lr24,steady,512,4,1202386,
pass-b,current-phase,79c3b6fbd830ab692d73e82e4b883b5d3bd49f8e13084ba2addf8912a3ade0d0,process,stereo-2band-lr24,steady,512,5,1205803,
pass-b,current-phase,79c3b6fbd830ab692d73e82e4b883b5d3bd49f8e13084ba2addf8912a3ade0d0,process,stereo-2band-lr24,steady,512,6,1208307,
pass-b,current-phase,79c3b6fbd830ab692d73e82e4b883b5d3bd49f8e13084ba2addf8912a3ade0d0,process,stereo-2band-lr24,steady,512,7,1262180,
pass-b,current-phase,79c3b6fbd830ab692d73e82e4b883b5d3bd49f8e13084ba2addf8912a3ade0d0,process,stereo-2band-lr24,steady,512,8,1213588,
pass-b,current-phase,79c3b6fbd830ab692d73e82e4b883b5d3bd49f8e13084ba2addf8912a3ade0d0,process,stereo-2band-lr24,automation,512,0,1275185,
pass-b,current-phase,79c3b6fbd830ab692d73e82e4b883b5d3bd49f8e13084ba2addf8912a3ade0d0,process,stereo-2band-lr24,automation,512,1,1272639,
pass-b,current-phase,79c3b6fbd830ab692d73e82e4b883b5d3bd49f8e13084ba2addf8912a3ade0d0,process,stereo-2band-lr24,automation,512,2,1265555,
pass-b,current-phase,79c3b6fbd830ab692d73e82e4b883b5d3bd49f8e13084ba2addf8912a3ade0d0,process,stereo-2band-lr24,automation,512,3,1272599,
pass-b,current-phase,79c3b6fbd830ab692d73e82e4b883b5d3bd49f8e13084ba2addf8912a3ade0d0,process,stereo-2band-lr24,automation,512,4,1275584,
pass-b,current-phase,79c3b6fbd830ab692d73e82e4b883b5d3bd49f8e13084ba2addf8912a3ade0d0,process,stereo-2band-lr24,automation,512,5,1263412,
pass-b,current-phase,79c3b6fbd830ab692d73e82e4b883b5d3bd49f8e13084ba2addf8912a3ade0d0,process,stereo-2band-lr24,automation,512,6,1261649,
pass-b,current-phase,79c3b6fbd830ab692d73e82e4b883b5d3bd49f8e13084ba2addf8912a3ade0d0,process,stereo-2band-lr24,automation,512,7,1267790,
pass-b,current-phase,79c3b6fbd830ab692d73e82e4b883b5d3bd49f8e13084ba2addf8912a3ade0d0,process,stereo-2band-lr24,automation,512,8,1269002,
pass-b,current-phase,79c3b6fbd830ab692d73e82e4b883b5d3bd49f8e13084ba2addf8912a3ade0d0,process,stereo-2band-lr24,steady,2048,0,1206574,
pass-b,current-phase,79c3b6fbd830ab692d73e82e4b883b5d3bd49f8e13084ba2addf8912a3ade0d0,process,stereo-2band-lr24,steady,2048,1,1200322,
pass-b,current-phase,79c3b6fbd830ab692d73e82e4b883b5d3bd49f8e13084ba2addf8912a3ade0d0,process,stereo-2band-lr24,steady,2048,2,1208748,
pass-b,current-phase,79c3b6fbd830ab692d73e82e4b883b5d3bd49f8e13084ba2addf8912a3ade0d0,process,stereo-2band-lr24,steady,2048,3,1199230,
pass-b,current-phase,79c3b6fbd830ab692d73e82e4b883b5d3bd49f8e13084ba2addf8912a3ade0d0,process,stereo-2band-lr24,steady,2048,4,1225861,
pass-b,current-phase,79c3b6fbd830ab692d73e82e4b883b5d3bd49f8e13084ba2addf8912a3ade0d0,process,stereo-2band-lr24,steady,2048,5,1219378,
pass-b,current-phase,79c3b6fbd830ab692d73e82e4b883b5d3bd49f8e13084ba2addf8912a3ade0d0,process,stereo-2band-lr24,steady,2048,6,1207046,
pass-b,current-phase,79c3b6fbd830ab692d73e82e4b883b5d3bd49f8e13084ba2addf8912a3ade0d0,process,stereo-2band-lr24,steady,2048,7,1206715,
pass-b,current-phase,79c3b6fbd830ab692d73e82e4b883b5d3bd49f8e13084ba2addf8912a3ade0d0,process,stereo-2band-lr24,steady,2048,8,1201675,
pass-b,current-phase,79c3b6fbd830ab692d73e82e4b883b5d3bd49f8e13084ba2addf8912a3ade0d0,process,stereo-2band-lr24,automation,2048,0,1265065,
pass-b,current-phase,79c3b6fbd830ab692d73e82e4b883b5d3bd49f8e13084ba2addf8912a3ade0d0,process,stereo-2band-lr24,automation,2048,1,1279613,
pass-b,current-phase,79c3b6fbd830ab692d73e82e4b883b5d3bd49f8e13084ba2addf8912a3ade0d0,process,stereo-2band-lr24,automation,2048,2,1280945,
pass-b,current-phase,79c3b6fbd830ab692d73e82e4b883b5d3bd49f8e13084ba2addf8912a3ade0d0,process,stereo-2band-lr24,automation,2048,3,1273360,
pass-b,current-phase,79c3b6fbd830ab692d73e82e4b883b5d3bd49f8e13084ba2addf8912a3ade0d0,process,stereo-2band-lr24,automation,2048,4,1269804,
pass-b,current-phase,79c3b6fbd830ab692d73e82e4b883b5d3bd49f8e13084ba2addf8912a3ade0d0,process,stereo-2band-lr24,automation,2048,5,1297266,
pass-b,current-phase,79c3b6fbd830ab692d73e82e4b883b5d3bd49f8e13084ba2addf8912a3ade0d0,process,stereo-2band-lr24,automation,2048,6,1271177,
pass-b,current-phase,79c3b6fbd830ab692d73e82e4b883b5d3bd49f8e13084ba2addf8912a3ade0d0,process,stereo-2band-lr24,automation,2048,7,1278331,
pass-b,current-phase,79c3b6fbd830ab692d73e82e4b883b5d3bd49f8e13084ba2addf8912a3ade0d0,process,stereo-2band-lr24,automation,2048,8,1277879,
pass-b,current-phase,79c3b6fbd830ab692d73e82e4b883b5d3bd49f8e13084ba2addf8912a3ade0d0,setup,stereo-4band-lr24,,,0,,6275
pass-b,current-phase,79c3b6fbd830ab692d73e82e4b883b5d3bd49f8e13084ba2addf8912a3ade0d0,setup,stereo-4band-lr24,,,1,,6547
pass-b,current-phase,79c3b6fbd830ab692d73e82e4b883b5d3bd49f8e13084ba2addf8912a3ade0d0,setup,stereo-4band-lr24,,,2,,6354
pass-b,current-phase,79c3b6fbd830ab692d73e82e4b883b5d3bd49f8e13084ba2addf8912a3ade0d0,setup,stereo-4band-lr24,,,3,,6427
pass-b,current-phase,79c3b6fbd830ab692d73e82e4b883b5d3bd49f8e13084ba2addf8912a3ade0d0,setup,stereo-4band-lr24,,,4,,6349
pass-b,current-phase,79c3b6fbd830ab692d73e82e4b883b5d3bd49f8e13084ba2addf8912a3ade0d0,setup,stereo-4band-lr24,,,5,,6426
pass-b,current-phase,79c3b6fbd830ab692d73e82e4b883b5d3bd49f8e13084ba2addf8912a3ade0d0,setup,stereo-4band-lr24,,,6,,6374
pass-b,current-phase,79c3b6fbd830ab692d73e82e4b883b5d3bd49f8e13084ba2addf8912a3ade0d0,setup,stereo-4band-lr24,,,7,,6444
pass-b,current-phase,79c3b6fbd830ab692d73e82e4b883b5d3bd49f8e13084ba2addf8912a3ade0d0,setup,stereo-4band-lr24,,,8,,6377
pass-b,current-phase,79c3b6fbd830ab692d73e82e4b883b5d3bd49f8e13084ba2addf8912a3ade0d0,process,stereo-4band-lr24,steady,32,0,4571875,
pass-b,current-phase,79c3b6fbd830ab692d73e82e4b883b5d3bd49f8e13084ba2addf8912a3ade0d0,process,stereo-4band-lr24,steady,32,1,4527541,
pass-b,current-phase,79c3b6fbd830ab692d73e82e4b883b5d3bd49f8e13084ba2addf8912a3ade0d0,process,stereo-4band-lr24,steady,32,2,4134166,
pass-b,current-phase,79c3b6fbd830ab692d73e82e4b883b5d3bd49f8e13084ba2addf8912a3ade0d0,process,stereo-4band-lr24,steady,32,3,4097668,
pass-b,current-phase,79c3b6fbd830ab692d73e82e4b883b5d3bd49f8e13084ba2addf8912a3ade0d0,process,stereo-4band-lr24,steady,32,4,4096956,
pass-b,current-phase,79c3b6fbd830ab692d73e82e4b883b5d3bd49f8e13084ba2addf8912a3ade0d0,process,stereo-4band-lr24,steady,32,5,4132764,
pass-b,current-phase,79c3b6fbd830ab692d73e82e4b883b5d3bd49f8e13084ba2addf8912a3ade0d0,process,stereo-4band-lr24,steady,32,6,4156589,
pass-b,current-phase,79c3b6fbd830ab692d73e82e4b883b5d3bd49f8e13084ba2addf8912a3ade0d0,process,stereo-4band-lr24,steady,32,7,4138805,
pass-b,current-phase,79c3b6fbd830ab692d73e82e4b883b5d3bd49f8e13084ba2addf8912a3ade0d0,process,stereo-4band-lr24,steady,32,8,4128917,
pass-b,current-phase,79c3b6fbd830ab692d73e82e4b883b5d3bd49f8e13084ba2addf8912a3ade0d0,process,stereo-4band-lr24,automation,32,0,4212546,
pass-b,current-phase,79c3b6fbd830ab692d73e82e4b883b5d3bd49f8e13084ba2addf8912a3ade0d0,process,stereo-4band-lr24,automation,32,1,4214449,
pass-b,current-phase,79c3b6fbd830ab692d73e82e4b883b5d3bd49f8e13084ba2addf8912a3ade0d0,process,stereo-4band-lr24,automation,32,2,4213938,
pass-b,current-phase,79c3b6fbd830ab692d73e82e4b883b5d3bd49f8e13084ba2addf8912a3ade0d0,process,stereo-4band-lr24,automation,32,3,4204870,
pass-b,current-phase,79c3b6fbd830ab692d73e82e4b883b5d3bd49f8e13084ba2addf8912a3ade0d0,process,stereo-4band-lr24,automation,32,4,4183560,
pass-b,current-phase,79c3b6fbd830ab692d73e82e4b883b5d3bd49f8e13084ba2addf8912a3ade0d0,process,stereo-4band-lr24,automation,32,5,4209590,
pass-b,current-phase,79c3b6fbd830ab692d73e82e4b883b5d3bd49f8e13084ba2addf8912a3ade0d0,process,stereo-4band-lr24,automation,32,6,4195814,
pass-b,current-phase,79c3b6fbd830ab692d73e82e4b883b5d3bd49f8e13084ba2addf8912a3ade0d0,process,stereo-4band-lr24,automation,32,7,4173421,
pass-b,current-phase,79c3b6fbd830ab692d73e82e4b883b5d3bd49f8e13084ba2addf8912a3ade0d0,process,stereo-4band-lr24,automation,32,8,4211864,
pass-b,current-phase,79c3b6fbd830ab692d73e82e4b883b5d3bd49f8e13084ba2addf8912a3ade0d0,process,stereo-4band-lr24,steady,512,0,4097818,
pass-b,current-phase,79c3b6fbd830ab692d73e82e4b883b5d3bd49f8e13084ba2addf8912a3ade0d0,process,stereo-4band-lr24,steady,512,1,4071398,
pass-b,current-phase,79c3b6fbd830ab692d73e82e4b883b5d3bd49f8e13084ba2addf8912a3ade0d0,process,stereo-4band-lr24,steady,512,2,4084823,
pass-b,current-phase,79c3b6fbd830ab692d73e82e4b883b5d3bd49f8e13084ba2addf8912a3ade0d0,process,stereo-4band-lr24,steady,512,3,4077399,
pass-b,current-phase,79c3b6fbd830ab692d73e82e4b883b5d3bd49f8e13084ba2addf8912a3ade0d0,process,stereo-4band-lr24,steady,512,4,4138185,
pass-b,current-phase,79c3b6fbd830ab692d73e82e4b883b5d3bd49f8e13084ba2addf8912a3ade0d0,process,stereo-4band-lr24,steady,512,5,4130861,
pass-b,current-phase,79c3b6fbd830ab692d73e82e4b883b5d3bd49f8e13084ba2addf8912a3ade0d0,process,stereo-4band-lr24,steady,512,6,4071749,
pass-b,current-phase,79c3b6fbd830ab692d73e82e4b883b5d3bd49f8e13084ba2addf8912a3ade0d0,process,stereo-4band-lr24,steady,512,7,4079914,
pass-b,current-phase,79c3b6fbd830ab692d73e82e4b883b5d3bd49f8e13084ba2addf8912a3ade0d0,process,stereo-4band-lr24,steady,512,8,4092939,
pass-b,current-phase,79c3b6fbd830ab692d73e82e4b883b5d3bd49f8e13084ba2addf8912a3ade0d0,process,stereo-4band-lr24,automation,512,0,4177168,
pass-b,current-phase,79c3b6fbd830ab692d73e82e4b883b5d3bd49f8e13084ba2addf8912a3ade0d0,process,stereo-4band-lr24,automation,512,1,4176216,
pass-b,current-phase,79c3b6fbd830ab692d73e82e4b883b5d3bd49f8e13084ba2addf8912a3ade0d0,process,stereo-4band-lr24,automation,512,2,4168561,
pass-b,current-phase,79c3b6fbd830ab692d73e82e4b883b5d3bd49f8e13084ba2addf8912a3ade0d0,process,stereo-4band-lr24,automation,512,3,4100343,
pass-b,current-phase,79c3b6fbd830ab692d73e82e4b883b5d3bd49f8e13084ba2addf8912a3ade0d0,process,stereo-4band-lr24,automation,512,4,4135640,
pass-b,current-phase,79c3b6fbd830ab692d73e82e4b883b5d3bd49f8e13084ba2addf8912a3ade0d0,process,stereo-4band-lr24,automation,512,5,4195784,
pass-b,current-phase,79c3b6fbd830ab692d73e82e4b883b5d3bd49f8e13084ba2addf8912a3ade0d0,process,stereo-4band-lr24,automation,512,6,4175084,
pass-b,current-phase,79c3b6fbd830ab692d73e82e4b883b5d3bd49f8e13084ba2addf8912a3ade0d0,process,stereo-4band-lr24,automation,512,7,4197878,
pass-b,current-phase,79c3b6fbd830ab692d73e82e4b883b5d3bd49f8e13084ba2addf8912a3ade0d0,process,stereo-4band-lr24,automation,512,8,4157591,
pass-b,current-phase,79c3b6fbd830ab692d73e82e4b883b5d3bd49f8e13084ba2addf8912a3ade0d0,process,stereo-4band-lr24,steady,2048,0,4068713,
pass-b,current-phase,79c3b6fbd830ab692d73e82e4b883b5d3bd49f8e13084ba2addf8912a3ade0d0,process,stereo-4band-lr24,steady,2048,1,4095394,
pass-b,current-phase,79c3b6fbd830ab692d73e82e4b883b5d3bd49f8e13084ba2addf8912a3ade0d0,process,stereo-4band-lr24,steady,2048,2,4089703,
pass-b,current-phase,79c3b6fbd830ab692d73e82e4b883b5d3bd49f8e13084ba2addf8912a3ade0d0,process,stereo-4band-lr24,steady,2048,3,4096045,
pass-b,current-phase,79c3b6fbd830ab692d73e82e4b883b5d3bd49f8e13084ba2addf8912a3ade0d0,process,stereo-4band-lr24,steady,2048,4,4106665,
pass-b,current-phase,79c3b6fbd830ab692d73e82e4b883b5d3bd49f8e13084ba2addf8912a3ade0d0,process,stereo-4band-lr24,steady,2048,5,4050939,
pass-b,current-phase,79c3b6fbd830ab692d73e82e4b883b5d3bd49f8e13084ba2addf8912a3ade0d0,process,stereo-4band-lr24,steady,2048,6,4063593,
pass-b,current-phase,79c3b6fbd830ab692d73e82e4b883b5d3bd49f8e13084ba2addf8912a3ade0d0,process,stereo-4band-lr24,steady,2048,7,4069174,
pass-b,current-phase,79c3b6fbd830ab692d73e82e4b883b5d3bd49f8e13084ba2addf8912a3ade0d0,process,stereo-4band-lr24,steady,2048,8,4082329,
pass-b,current-phase,79c3b6fbd830ab692d73e82e4b883b5d3bd49f8e13084ba2addf8912a3ade0d0,process,stereo-4band-lr24,automation,2048,0,4122524,
pass-b,current-phase,79c3b6fbd830ab692d73e82e4b883b5d3bd49f8e13084ba2addf8912a3ade0d0,process,stereo-4band-lr24,automation,2048,1,4191826,
pass-b,current-phase,79c3b6fbd830ab692d73e82e4b883b5d3bd49f8e13084ba2addf8912a3ade0d0,process,stereo-4band-lr24,automation,2048,2,4154655,
pass-b,current-phase,79c3b6fbd830ab692d73e82e4b883b5d3bd49f8e13084ba2addf8912a3ade0d0,process,stereo-4band-lr24,automation,2048,3,4182578,
pass-b,current-phase,79c3b6fbd830ab692d73e82e4b883b5d3bd49f8e13084ba2addf8912a3ade0d0,process,stereo-4band-lr24,automation,2048,4,4184051,
pass-b,current-phase,79c3b6fbd830ab692d73e82e4b883b5d3bd49f8e13084ba2addf8912a3ade0d0,process,stereo-4band-lr24,automation,2048,5,4170165,
pass-b,current-phase,79c3b6fbd830ab692d73e82e4b883b5d3bd49f8e13084ba2addf8912a3ade0d0,process,stereo-4band-lr24,automation,2048,6,4163382,
pass-b,current-phase,79c3b6fbd830ab692d73e82e4b883b5d3bd49f8e13084ba2addf8912a3ade0d0,process,stereo-4band-lr24,automation,2048,7,4121322,
pass-b,current-phase,79c3b6fbd830ab692d73e82e4b883b5d3bd49f8e13084ba2addf8912a3ade0d0,process,stereo-4band-lr24,automation,2048,8,4168512,
pass-b,current-phase,79c3b6fbd830ab692d73e82e4b883b5d3bd49f8e13084ba2addf8912a3ade0d0,setup,stereo-2band-lr48,,,0,,3194
pass-b,current-phase,79c3b6fbd830ab692d73e82e4b883b5d3bd49f8e13084ba2addf8912a3ade0d0,setup,stereo-2band-lr48,,,1,,3200
pass-b,current-phase,79c3b6fbd830ab692d73e82e4b883b5d3bd49f8e13084ba2addf8912a3ade0d0,setup,stereo-2band-lr48,,,2,,3129
pass-b,current-phase,79c3b6fbd830ab692d73e82e4b883b5d3bd49f8e13084ba2addf8912a3ade0d0,setup,stereo-2band-lr48,,,3,,3255
pass-b,current-phase,79c3b6fbd830ab692d73e82e4b883b5d3bd49f8e13084ba2addf8912a3ade0d0,setup,stereo-2band-lr48,,,4,,3117
pass-b,current-phase,79c3b6fbd830ab692d73e82e4b883b5d3bd49f8e13084ba2addf8912a3ade0d0,setup,stereo-2band-lr48,,,5,,3172
pass-b,current-phase,79c3b6fbd830ab692d73e82e4b883b5d3bd49f8e13084ba2addf8912a3ade0d0,setup,stereo-2band-lr48,,,6,,3124
pass-b,current-phase,79c3b6fbd830ab692d73e82e4b883b5d3bd49f8e13084ba2addf8912a3ade0d0,setup,stereo-2band-lr48,,,7,,3156
pass-b,current-phase,79c3b6fbd830ab692d73e82e4b883b5d3bd49f8e13084ba2addf8912a3ade0d0,setup,stereo-2band-lr48,,,8,,3437
pass-b,current-phase,79c3b6fbd830ab692d73e82e4b883b5d3bd49f8e13084ba2addf8912a3ade0d0,process,stereo-2band-lr48,steady,32,0,1742709,
pass-b,current-phase,79c3b6fbd830ab692d73e82e4b883b5d3bd49f8e13084ba2addf8912a3ade0d0,process,stereo-2band-lr48,steady,32,1,1729003,
pass-b,current-phase,79c3b6fbd830ab692d73e82e4b883b5d3bd49f8e13084ba2addf8912a3ade0d0,process,stereo-2band-lr48,steady,32,2,1719686,
pass-b,current-phase,79c3b6fbd830ab692d73e82e4b883b5d3bd49f8e13084ba2addf8912a3ade0d0,process,stereo-2band-lr48,steady,32,3,1727420,
pass-b,current-phase,79c3b6fbd830ab692d73e82e4b883b5d3bd49f8e13084ba2addf8912a3ade0d0,process,stereo-2band-lr48,steady,32,4,1750383,
pass-b,current-phase,79c3b6fbd830ab692d73e82e4b883b5d3bd49f8e13084ba2addf8912a3ade0d0,process,stereo-2band-lr48,steady,32,5,1781072,
pass-b,current-phase,79c3b6fbd830ab692d73e82e4b883b5d3bd49f8e13084ba2addf8912a3ade0d0,process,stereo-2band-lr48,steady,32,6,1736738,
pass-b,current-phase,79c3b6fbd830ab692d73e82e4b883b5d3bd49f8e13084ba2addf8912a3ade0d0,process,stereo-2band-lr48,steady,32,7,1726279,
pass-b,current-phase,79c3b6fbd830ab692d73e82e4b883b5d3bd49f8e13084ba2addf8912a3ade0d0,process,stereo-2band-lr48,steady,32,8,1744844,
pass-b,current-phase,79c3b6fbd830ab692d73e82e4b883b5d3bd49f8e13084ba2addf8912a3ade0d0,process,stereo-2band-lr48,automation,32,0,1860121,
pass-b,current-phase,79c3b6fbd830ab692d73e82e4b883b5d3bd49f8e13084ba2addf8912a3ade0d0,process,stereo-2band-lr48,automation,32,1,1830436,
pass-b,current-phase,79c3b6fbd830ab692d73e82e4b883b5d3bd49f8e13084ba2addf8912a3ade0d0,process,stereo-2band-lr48,automation,32,2,1842137,
pass-b,current-phase,79c3b6fbd830ab692d73e82e4b883b5d3bd49f8e13084ba2addf8912a3ade0d0,process,stereo-2band-lr48,automation,32,3,1840695,
pass-b,current-phase,79c3b6fbd830ab692d73e82e4b883b5d3bd49f8e13084ba2addf8912a3ade0d0,process,stereo-2band-lr48,automation,32,4,1859270,
pass-b,current-phase,79c3b6fbd830ab692d73e82e4b883b5d3bd49f8e13084ba2addf8912a3ade0d0,process,stereo-2band-lr48,automation,32,5,1846636,
pass-b,current-phase,79c3b6fbd830ab692d73e82e4b883b5d3bd49f8e13084ba2addf8912a3ade0d0,process,stereo-2band-lr48,automation,32,6,1840024,
pass-b,current-phase,79c3b6fbd830ab692d73e82e4b883b5d3bd49f8e13084ba2addf8912a3ade0d0,process,stereo-2band-lr48,automation,32,7,1825697,
pass-b,current-phase,79c3b6fbd830ab692d73e82e4b883b5d3bd49f8e13084ba2addf8912a3ade0d0,process,stereo-2band-lr48,automation,32,8,1834694,
pass-b,current-phase,79c3b6fbd830ab692d73e82e4b883b5d3bd49f8e13084ba2addf8912a3ade0d0,process,stereo-2band-lr48,steady,512,0,1721148,
pass-b,current-phase,79c3b6fbd830ab692d73e82e4b883b5d3bd49f8e13084ba2addf8912a3ade0d0,process,stereo-2band-lr48,steady,512,1,1713714,
pass-b,current-phase,79c3b6fbd830ab692d73e82e4b883b5d3bd49f8e13084ba2addf8912a3ade0d0,process,stereo-2band-lr48,steady,512,2,1714015,
pass-b,current-phase,79c3b6fbd830ab692d73e82e4b883b5d3bd49f8e13084ba2addf8912a3ade0d0,process,stereo-2band-lr48,steady,512,3,1731378,
pass-b,current-phase,79c3b6fbd830ab692d73e82e4b883b5d3bd49f8e13084ba2addf8912a3ade0d0,process,stereo-2band-lr48,steady,512,4,1707652,
pass-b,current-phase,79c3b6fbd830ab692d73e82e4b883b5d3bd49f8e13084ba2addf8912a3ade0d0,process,stereo-2band-lr48,steady,512,5,1715798,
pass-b,current-phase,79c3b6fbd830ab692d73e82e4b883b5d3bd49f8e13084ba2addf8912a3ade0d0,process,stereo-2band-lr48,steady,512,6,1699447,
pass-b,current-phase,79c3b6fbd830ab692d73e82e4b883b5d3bd49f8e13084ba2addf8912a3ade0d0,process,stereo-2band-lr48,steady,512,7,1698966,
pass-b,current-phase,79c3b6fbd830ab692d73e82e4b883b5d3bd49f8e13084ba2addf8912a3ade0d0,process,stereo-2band-lr48,steady,512,8,1698375,
pass-b,current-phase,79c3b6fbd830ab692d73e82e4b883b5d3bd49f8e13084ba2addf8912a3ade0d0,process,stereo-2band-lr48,automation,512,0,1821930,
pass-b,current-phase,79c3b6fbd830ab692d73e82e4b883b5d3bd49f8e13084ba2addf8912a3ade0d0,process,stereo-2band-lr48,automation,512,1,1823643,
pass-b,current-phase,79c3b6fbd830ab692d73e82e4b883b5d3bd49f8e13084ba2addf8912a3ade0d0,process,stereo-2band-lr48,automation,512,2,1834924,
pass-b,current-phase,79c3b6fbd830ab692d73e82e4b883b5d3bd49f8e13084ba2addf8912a3ade0d0,process,stereo-2band-lr48,automation,512,3,1821358,
pass-b,current-phase,79c3b6fbd830ab692d73e82e4b883b5d3bd49f8e13084ba2addf8912a3ade0d0,process,stereo-2band-lr48,automation,512,4,1823673,
pass-b,current-phase,79c3b6fbd830ab692d73e82e4b883b5d3bd49f8e13084ba2addf8912a3ade0d0,process,stereo-2band-lr48,automation,512,5,1830385,
pass-b,current-phase,79c3b6fbd830ab692d73e82e4b883b5d3bd49f8e13084ba2addf8912a3ade0d0,process,stereo-2band-lr48,automation,512,6,1831097,
pass-b,current-phase,79c3b6fbd830ab692d73e82e4b883b5d3bd49f8e13084ba2addf8912a3ade0d0,process,stereo-2band-lr48,automation,512,7,1813524,
pass-b,current-phase,79c3b6fbd830ab692d73e82e4b883b5d3bd49f8e13084ba2addf8912a3ade0d0,process,stereo-2band-lr48,automation,512,8,1812722,
pass-b,current-phase,79c3b6fbd830ab692d73e82e4b883b5d3bd49f8e13084ba2addf8912a3ade0d0,process,stereo-2band-lr48,steady,2048,0,1732530,
pass-b,current-phase,79c3b6fbd830ab692d73e82e4b883b5d3bd49f8e13084ba2addf8912a3ade0d0,process,stereo-2band-lr48,steady,2048,1,1729565,
pass-b,current-phase,79c3b6fbd830ab692d73e82e4b883b5d3bd49f8e13084ba2addf8912a3ade0d0,process,stereo-2band-lr48,steady,2048,2,1708053,
pass-b,current-phase,79c3b6fbd830ab692d73e82e4b883b5d3bd49f8e13084ba2addf8912a3ade0d0,process,stereo-2band-lr48,steady,2048,3,1698796,
pass-b,current-phase,79c3b6fbd830ab692d73e82e4b883b5d3bd49f8e13084ba2addf8912a3ade0d0,process,stereo-2band-lr48,steady,2048,4,1705699,
pass-b,current-phase,79c3b6fbd830ab692d73e82e4b883b5d3bd49f8e13084ba2addf8912a3ade0d0,process,stereo-2band-lr48,steady,2048,5,1715097,
pass-b,current-phase,79c3b6fbd830ab692d73e82e4b883b5d3bd49f8e13084ba2addf8912a3ade0d0,process,stereo-2band-lr48,steady,2048,6,1733943,
pass-b,current-phase,79c3b6fbd830ab692d73e82e4b883b5d3bd49f8e13084ba2addf8912a3ade0d0,process,stereo-2band-lr48,steady,2048,7,1711290,
pass-b,current-phase,79c3b6fbd830ab692d73e82e4b883b5d3bd49f8e13084ba2addf8912a3ade0d0,process,stereo-2band-lr48,steady,2048,8,1697133,
pass-b,current-phase,79c3b6fbd830ab692d73e82e4b883b5d3bd49f8e13084ba2addf8912a3ade0d0,process,stereo-2band-lr48,automation,2048,0,1829123,
pass-b,current-phase,79c3b6fbd830ab692d73e82e4b883b5d3bd49f8e13084ba2addf8912a3ade0d0,process,stereo-2band-lr48,automation,2048,1,1818783,
pass-b,current-phase,79c3b6fbd830ab692d73e82e4b883b5d3bd49f8e13084ba2addf8912a3ade0d0,process,stereo-2band-lr48,automation,2048,2,1818303,
pass-b,current-phase,79c3b6fbd830ab692d73e82e4b883b5d3bd49f8e13084ba2addf8912a3ade0d0,process,stereo-2band-lr48,automation,2048,3,1873717,
pass-b,current-phase,79c3b6fbd830ab692d73e82e4b883b5d3bd49f8e13084ba2addf8912a3ade0d0,process,stereo-2band-lr48,automation,2048,4,1826067,
pass-b,current-phase,79c3b6fbd830ab692d73e82e4b883b5d3bd49f8e13084ba2addf8912a3ade0d0,process,stereo-2band-lr48,automation,2048,5,1852307,
pass-b,current-phase,79c3b6fbd830ab692d73e82e4b883b5d3bd49f8e13084ba2addf8912a3ade0d0,process,stereo-2band-lr48,automation,2048,6,1822210,
pass-b,current-phase,79c3b6fbd830ab692d73e82e4b883b5d3bd49f8e13084ba2addf8912a3ade0d0,process,stereo-2band-lr48,automation,2048,7,1829994,
pass-b,current-phase,79c3b6fbd830ab692d73e82e4b883b5d3bd49f8e13084ba2addf8912a3ade0d0,process,stereo-2band-lr48,automation,2048,8,1824304,
pass-b,current-phase,79c3b6fbd830ab692d73e82e4b883b5d3bd49f8e13084ba2addf8912a3ade0d0,setup,stereo-4band-lr48,,,0,,9396
pass-b,current-phase,79c3b6fbd830ab692d73e82e4b883b5d3bd49f8e13084ba2addf8912a3ade0d0,setup,stereo-4band-lr48,,,1,,9385
pass-b,current-phase,79c3b6fbd830ab692d73e82e4b883b5d3bd49f8e13084ba2addf8912a3ade0d0,setup,stereo-4band-lr48,,,2,,10192
pass-b,current-phase,79c3b6fbd830ab692d73e82e4b883b5d3bd49f8e13084ba2addf8912a3ade0d0,setup,stereo-4band-lr48,,,3,,9371
pass-b,current-phase,79c3b6fbd830ab692d73e82e4b883b5d3bd49f8e13084ba2addf8912a3ade0d0,setup,stereo-4band-lr48,,,4,,9397
pass-b,current-phase,79c3b6fbd830ab692d73e82e4b883b5d3bd49f8e13084ba2addf8912a3ade0d0,setup,stereo-4band-lr48,,,5,,9473
pass-b,current-phase,79c3b6fbd830ab692d73e82e4b883b5d3bd49f8e13084ba2addf8912a3ade0d0,setup,stereo-4band-lr48,,,6,,9352
pass-b,current-phase,79c3b6fbd830ab692d73e82e4b883b5d3bd49f8e13084ba2addf8912a3ade0d0,setup,stereo-4band-lr48,,,7,,9362
pass-b,current-phase,79c3b6fbd830ab692d73e82e4b883b5d3bd49f8e13084ba2addf8912a3ade0d0,setup,stereo-4band-lr48,,,8,,9453
pass-b,current-phase,79c3b6fbd830ab692d73e82e4b883b5d3bd49f8e13084ba2addf8912a3ade0d0,process,stereo-4band-lr48,steady,32,0,7763277,
pass-b,current-phase,79c3b6fbd830ab692d73e82e4b883b5d3bd49f8e13084ba2addf8912a3ade0d0,process,stereo-4band-lr48,steady,32,1,7516340,
pass-b,current-phase,79c3b6fbd830ab692d73e82e4b883b5d3bd49f8e13084ba2addf8912a3ade0d0,process,stereo-4band-lr48,steady,32,2,7579369,
pass-b,current-phase,79c3b6fbd830ab692d73e82e4b883b5d3bd49f8e13084ba2addf8912a3ade0d0,process,stereo-4band-lr48,steady,32,3,7539854,
pass-b,current-phase,79c3b6fbd830ab692d73e82e4b883b5d3bd49f8e13084ba2addf8912a3ade0d0,process,stereo-4band-lr48,steady,32,4,7541427,
pass-b,current-phase,79c3b6fbd830ab692d73e82e4b883b5d3bd49f8e13084ba2addf8912a3ade0d0,process,stereo-4band-lr48,steady,32,5,7539073,
pass-b,current-phase,79c3b6fbd830ab692d73e82e4b883b5d3bd49f8e13084ba2addf8912a3ade0d0,process,stereo-4band-lr48,steady,32,6,7521940,
pass-b,current-phase,79c3b6fbd830ab692d73e82e4b883b5d3bd49f8e13084ba2addf8912a3ade0d0,process,stereo-4band-lr48,steady,32,7,7514406,
pass-b,current-phase,79c3b6fbd830ab692d73e82e4b883b5d3bd49f8e13084ba2addf8912a3ade0d0,process,stereo-4band-lr48,steady,32,8,7515779,
pass-b,current-phase,79c3b6fbd830ab692d73e82e4b883b5d3bd49f8e13084ba2addf8912a3ade0d0,process,stereo-4band-lr48,automation,32,0,7654651,
pass-b,current-phase,79c3b6fbd830ab692d73e82e4b883b5d3bd49f8e13084ba2addf8912a3ade0d0,process,stereo-4band-lr48,automation,32,1,7642949,
pass-b,current-phase,79c3b6fbd830ab692d73e82e4b883b5d3bd49f8e13084ba2addf8912a3ade0d0,process,stereo-4band-lr48,automation,32,2,7672526,
pass-b,current-phase,79c3b6fbd830ab692d73e82e4b883b5d3bd49f8e13084ba2addf8912a3ade0d0,process,stereo-4band-lr48,automation,32,3,7616850,
pass-b,current-phase,79c3b6fbd830ab692d73e82e4b883b5d3bd49f8e13084ba2addf8912a3ade0d0,process,stereo-4band-lr48,automation,32,4,7669529,
pass-b,current-phase,79c3b6fbd830ab692d73e82e4b883b5d3bd49f8e13084ba2addf8912a3ade0d0,process,stereo-4band-lr48,automation,32,5,7660282,
pass-b,current-phase,79c3b6fbd830ab692d73e82e4b883b5d3bd49f8e13084ba2addf8912a3ade0d0,process,stereo-4band-lr48,automation,32,6,7652538,
pass-b,current-phase,79c3b6fbd830ab692d73e82e4b883b5d3bd49f8e13084ba2addf8912a3ade0d0,process,stereo-4band-lr48,automation,32,7,7664350,
pass-b,current-phase,79c3b6fbd830ab692d73e82e4b883b5d3bd49f8e13084ba2addf8912a3ade0d0,process,stereo-4band-lr48,automation,32,8,7637720,
pass-b,current-phase,79c3b6fbd830ab692d73e82e4b883b5d3bd49f8e13084ba2addf8912a3ade0d0,process,stereo-4band-lr48,steady,512,0,7496883,
pass-b,current-phase,79c3b6fbd830ab692d73e82e4b883b5d3bd49f8e13084ba2addf8912a3ade0d0,process,stereo-4band-lr48,steady,512,1,7495921,
pass-b,current-phase,79c3b6fbd830ab692d73e82e4b883b5d3bd49f8e13084ba2addf8912a3ade0d0,process,stereo-4band-lr48,steady,512,2,7494429,
pass-b,current-phase,79c3b6fbd830ab692d73e82e4b883b5d3bd49f8e13084ba2addf8912a3ade0d0,process,stereo-4band-lr48,steady,512,3,7479580,
pass-b,current-phase,79c3b6fbd830ab692d73e82e4b883b5d3bd49f8e13084ba2addf8912a3ade0d0,process,stereo-4band-lr48,steady,512,4,7510008,
pass-b,current-phase,79c3b6fbd830ab692d73e82e4b883b5d3bd49f8e13084ba2addf8912a3ade0d0,process,stereo-4band-lr48,steady,512,5,7552629,
pass-b,current-phase,79c3b6fbd830ab692d73e82e4b883b5d3bd49f8e13084ba2addf8912a3ade0d0,process,stereo-4band-lr48,steady,512,6,7505950,
pass-b,current-phase,79c3b6fbd830ab692d73e82e4b883b5d3bd49f8e13084ba2addf8912a3ade0d0,process,stereo-4band-lr48,steady,512,7,7476584,
pass-b,current-phase,79c3b6fbd830ab692d73e82e4b883b5d3bd49f8e13084ba2addf8912a3ade0d0,process,stereo-4band-lr48,steady,512,8,7522111,
pass-b,current-phase,79c3b6fbd830ab692d73e82e4b883b5d3bd49f8e13084ba2addf8912a3ade0d0,process,stereo-4band-lr48,automation,512,0,7784177,
pass-b,current-phase,79c3b6fbd830ab692d73e82e4b883b5d3bd49f8e13084ba2addf8912a3ade0d0,process,stereo-4band-lr48,automation,512,1,7584859,
pass-b,current-phase,79c3b6fbd830ab692d73e82e4b883b5d3bd49f8e13084ba2addf8912a3ade0d0,process,stereo-4band-lr48,automation,512,2,7618182,
pass-b,current-phase,79c3b6fbd830ab692d73e82e4b883b5d3bd49f8e13084ba2addf8912a3ade0d0,process,stereo-4band-lr48,automation,512,3,7584338,
pass-b,current-phase,79c3b6fbd830ab692d73e82e4b883b5d3bd49f8e13084ba2addf8912a3ade0d0,process,stereo-4band-lr48,automation,512,4,7584419,
pass-b,current-phase,79c3b6fbd830ab692d73e82e4b883b5d3bd49f8e13084ba2addf8912a3ade0d0,process,stereo-4band-lr48,automation,512,5,7646757,
pass-b,current-phase,79c3b6fbd830ab692d73e82e4b883b5d3bd49f8e13084ba2addf8912a3ade0d0,process,stereo-4band-lr48,automation,512,6,7618824,
pass-b,current-phase,79c3b6fbd830ab692d73e82e4b883b5d3bd49f8e13084ba2addf8912a3ade0d0,process,stereo-4band-lr48,automation,512,7,7570192,
pass-b,current-phase,79c3b6fbd830ab692d73e82e4b883b5d3bd49f8e13084ba2addf8912a3ade0d0,process,stereo-4band-lr48,automation,512,8,7595410,
pass-b,current-phase,79c3b6fbd830ab692d73e82e4b883b5d3bd49f8e13084ba2addf8912a3ade0d0,process,stereo-4band-lr48,steady,2048,0,7478718,
pass-b,current-phase,79c3b6fbd830ab692d73e82e4b883b5d3bd49f8e13084ba2addf8912a3ade0d0,process,stereo-4band-lr48,steady,2048,1,7520367,
pass-b,current-phase,79c3b6fbd830ab692d73e82e4b883b5d3bd49f8e13084ba2addf8912a3ade0d0,process,stereo-4band-lr48,steady,2048,2,7498846,
pass-b,current-phase,79c3b6fbd830ab692d73e82e4b883b5d3bd49f8e13084ba2addf8912a3ade0d0,process,stereo-4band-lr48,steady,2048,3,7537289,
pass-b,current-phase,79c3b6fbd830ab692d73e82e4b883b5d3bd49f8e13084ba2addf8912a3ade0d0,process,stereo-4band-lr48,steady,2048,4,7520167,
pass-b,current-phase,79c3b6fbd830ab692d73e82e4b883b5d3bd49f8e13084ba2addf8912a3ade0d0,process,stereo-4band-lr48,steady,2048,5,7485842,
pass-b,current-phase,79c3b6fbd830ab692d73e82e4b883b5d3bd49f8e13084ba2addf8912a3ade0d0,process,stereo-4band-lr48,steady,2048,6,7484359,
pass-b,current-phase,79c3b6fbd830ab692d73e82e4b883b5d3bd49f8e13084ba2addf8912a3ade0d0,process,stereo-4band-lr48,steady,2048,7,7499387,
pass-b,current-phase,79c3b6fbd830ab692d73e82e4b883b5d3bd49f8e13084ba2addf8912a3ade0d0,process,stereo-4band-lr48,steady,2048,8,7473840,
pass-b,current-phase,79c3b6fbd830ab692d73e82e4b883b5d3bd49f8e13084ba2addf8912a3ade0d0,process,stereo-4band-lr48,automation,2048,0,7614937,
pass-b,current-phase,79c3b6fbd830ab692d73e82e4b883b5d3bd49f8e13084ba2addf8912a3ade0d0,process,stereo-4band-lr48,automation,2048,1,7624073,
pass-b,current-phase,79c3b6fbd830ab692d73e82e4b883b5d3bd49f8e13084ba2addf8912a3ade0d0,process,stereo-4band-lr48,automation,2048,2,7629083,
pass-b,current-phase,79c3b6fbd830ab692d73e82e4b883b5d3bd49f8e13084ba2addf8912a3ade0d0,process,stereo-4band-lr48,automation,2048,3,7568979,
pass-b,current-phase,79c3b6fbd830ab692d73e82e4b883b5d3bd49f8e13084ba2addf8912a3ade0d0,process,stereo-4band-lr48,automation,2048,4,7576364,
pass-b,current-phase,79c3b6fbd830ab692d73e82e4b883b5d3bd49f8e13084ba2addf8912a3ade0d0,process,stereo-4band-lr48,automation,2048,5,7643090,
pass-b,current-phase,79c3b6fbd830ab692d73e82e4b883b5d3bd49f8e13084ba2addf8912a3ade0d0,process,stereo-4band-lr48,automation,2048,6,7596561,
pass-b,current-phase,79c3b6fbd830ab692d73e82e4b883b5d3bd49f8e13084ba2addf8912a3ade0d0,process,stereo-4band-lr48,automation,2048,7,7615588,
pass-b,current-phase,79c3b6fbd830ab692d73e82e4b883b5d3bd49f8e13084ba2addf8912a3ade0d0,process,stereo-4band-lr48,automation,2048,8,7585961,
pass-b,current-phase,79c3b6fbd830ab692d73e82e4b883b5d3bd49f8e13084ba2addf8912a3ade0d0,setup,12ch-4band-lr48,,,0,,48099
pass-b,current-phase,79c3b6fbd830ab692d73e82e4b883b5d3bd49f8e13084ba2addf8912a3ade0d0,setup,12ch-4band-lr48,,,1,,39693
pass-b,current-phase,79c3b6fbd830ab692d73e82e4b883b5d3bd49f8e13084ba2addf8912a3ade0d0,setup,12ch-4band-lr48,,,2,,39489
pass-b,current-phase,79c3b6fbd830ab692d73e82e4b883b5d3bd49f8e13084ba2addf8912a3ade0d0,setup,12ch-4band-lr48,,,3,,39425
pass-b,current-phase,79c3b6fbd830ab692d73e82e4b883b5d3bd49f8e13084ba2addf8912a3ade0d0,setup,12ch-4band-lr48,,,4,,39459
pass-b,current-phase,79c3b6fbd830ab692d73e82e4b883b5d3bd49f8e13084ba2addf8912a3ade0d0,setup,12ch-4band-lr48,,,5,,39424
pass-b,current-phase,79c3b6fbd830ab692d73e82e4b883b5d3bd49f8e13084ba2addf8912a3ade0d0,setup,12ch-4band-lr48,,,6,,39498
pass-b,current-phase,79c3b6fbd830ab692d73e82e4b883b5d3bd49f8e13084ba2addf8912a3ade0d0,setup,12ch-4band-lr48,,,7,,39390
pass-b,current-phase,79c3b6fbd830ab692d73e82e4b883b5d3bd49f8e13084ba2addf8912a3ade0d0,setup,12ch-4band-lr48,,,8,,39406
pass-b,current-phase,79c3b6fbd830ab692d73e82e4b883b5d3bd49f8e13084ba2addf8912a3ade0d0,process,12ch-4band-lr48,steady,32,0,40589734,
pass-b,current-phase,79c3b6fbd830ab692d73e82e4b883b5d3bd49f8e13084ba2addf8912a3ade0d0,process,12ch-4band-lr48,steady,32,1,40038230,
pass-b,current-phase,79c3b6fbd830ab692d73e82e4b883b5d3bd49f8e13084ba2addf8912a3ade0d0,process,12ch-4band-lr48,steady,32,2,37806475,
pass-b,current-phase,79c3b6fbd830ab692d73e82e4b883b5d3bd49f8e13084ba2addf8912a3ade0d0,process,12ch-4band-lr48,steady,32,3,37654787,
pass-b,current-phase,79c3b6fbd830ab692d73e82e4b883b5d3bd49f8e13084ba2addf8912a3ade0d0,process,12ch-4band-lr48,steady,32,4,37640660,
pass-b,current-phase,79c3b6fbd830ab692d73e82e4b883b5d3bd49f8e13084ba2addf8912a3ade0d0,process,12ch-4band-lr48,steady,32,5,37576850,
pass-b,current-phase,79c3b6fbd830ab692d73e82e4b883b5d3bd49f8e13084ba2addf8912a3ade0d0,process,12ch-4band-lr48,steady,32,6,37697028,
pass-b,current-phase,79c3b6fbd830ab692d73e82e4b883b5d3bd49f8e13084ba2addf8912a3ade0d0,process,12ch-4band-lr48,steady,32,7,37583443,
pass-b,current-phase,79c3b6fbd830ab692d73e82e4b883b5d3bd49f8e13084ba2addf8912a3ade0d0,process,12ch-4band-lr48,steady,32,8,37690876,
pass-b,current-phase,79c3b6fbd830ab692d73e82e4b883b5d3bd49f8e13084ba2addf8912a3ade0d0,process,12ch-4band-lr48,automation,32,0,38041149,
pass-b,current-phase,79c3b6fbd830ab692d73e82e4b883b5d3bd49f8e13084ba2addf8912a3ade0d0,process,12ch-4band-lr48,automation,32,1,38110931,
pass-b,current-phase,79c3b6fbd830ab692d73e82e4b883b5d3bd49f8e13084ba2addf8912a3ade0d0,process,12ch-4band-lr48,automation,32,2,38024508,
pass-b,current-phase,79c3b6fbd830ab692d73e82e4b883b5d3bd49f8e13084ba2addf8912a3ade0d0,process,12ch-4band-lr48,automation,32,3,40873912,
pass-b,current-phase,79c3b6fbd830ab692d73e82e4b883b5d3bd49f8e13084ba2addf8912a3ade0d0,process,12ch-4band-lr48,automation,32,4,38529774,
pass-b,current-phase,79c3b6fbd830ab692d73e82e4b883b5d3bd49f8e13084ba2addf8912a3ade0d0,process,12ch-4band-lr48,automation,32,5,38205671,
pass-b,current-phase,79c3b6fbd830ab692d73e82e4b883b5d3bd49f8e13084ba2addf8912a3ade0d0,process,12ch-4band-lr48,automation,32,6,38473468,
pass-b,current-phase,79c3b6fbd830ab692d73e82e4b883b5d3bd49f8e13084ba2addf8912a3ade0d0,process,12ch-4band-lr48,automation,32,7,38047972,
pass-b,current-phase,79c3b6fbd830ab692d73e82e4b883b5d3bd49f8e13084ba2addf8912a3ade0d0,process,12ch-4band-lr48,automation,32,8,38398485,
pass-b,current-phase,79c3b6fbd830ab692d73e82e4b883b5d3bd49f8e13084ba2addf8912a3ade0d0,process,12ch-4band-lr48,steady,512,0,37569616,
pass-b,current-phase,79c3b6fbd830ab692d73e82e4b883b5d3bd49f8e13084ba2addf8912a3ade0d0,process,12ch-4band-lr48,steady,512,1,37633157,
pass-b,current-phase,79c3b6fbd830ab692d73e82e4b883b5d3bd49f8e13084ba2addf8912a3ade0d0,process,12ch-4band-lr48,steady,512,2,37429401,
pass-b,current-phase,79c3b6fbd830ab692d73e82e4b883b5d3bd49f8e13084ba2addf8912a3ade0d0,process,12ch-4band-lr48,steady,512,3,37591027,
pass-b,current-phase,79c3b6fbd830ab692d73e82e4b883b5d3bd49f8e13084ba2addf8912a3ade0d0,process,12ch-4band-lr48,steady,512,4,37670458,
pass-b,current-phase,79c3b6fbd830ab692d73e82e4b883b5d3bd49f8e13084ba2addf8912a3ade0d0,process,12ch-4band-lr48,steady,512,5,37607067,
pass-b,current-phase,79c3b6fbd830ab692d73e82e4b883b5d3bd49f8e13084ba2addf8912a3ade0d0,process,12ch-4band-lr48,steady,512,6,37702258,
pass-b,current-phase,79c3b6fbd830ab692d73e82e4b883b5d3bd49f8e13084ba2addf8912a3ade0d0,process,12ch-4band-lr48,steady,512,7,37627336,
pass-b,current-phase,79c3b6fbd830ab692d73e82e4b883b5d3bd49f8e13084ba2addf8912a3ade0d0,process,12ch-4band-lr48,steady,512,8,37611806,
pass-b,current-phase,79c3b6fbd830ab692d73e82e4b883b5d3bd49f8e13084ba2addf8912a3ade0d0,process,12ch-4band-lr48,automation,512,0,38009439,
pass-b,current-phase,79c3b6fbd830ab692d73e82e4b883b5d3bd49f8e13084ba2addf8912a3ade0d0,process,12ch-4band-lr48,automation,512,1,38227762,
pass-b,current-phase,79c3b6fbd830ab692d73e82e4b883b5d3bd49f8e13084ba2addf8912a3ade0d0,process,12ch-4band-lr48,automation,512,2,38178880,
pass-b,current-phase,79c3b6fbd830ab692d73e82e4b883b5d3bd49f8e13084ba2addf8912a3ade0d0,process,12ch-4band-lr48,automation,512,3,37993790,
pass-b,current-phase,79c3b6fbd830ab692d73e82e4b883b5d3bd49f8e13084ba2addf8912a3ade0d0,process,12ch-4band-lr48,automation,512,4,38079121,
pass-b,current-phase,79c3b6fbd830ab692d73e82e4b883b5d3bd49f8e13084ba2addf8912a3ade0d0,process,12ch-4band-lr48,automation,512,5,38311751,
pass-b,current-phase,79c3b6fbd830ab692d73e82e4b883b5d3bd49f8e13084ba2addf8912a3ade0d0,process,12ch-4band-lr48,automation,512,6,38113996,
pass-b,current-phase,79c3b6fbd830ab692d73e82e4b883b5d3bd49f8e13084ba2addf8912a3ade0d0,process,12ch-4band-lr48,automation,512,7,38290942,
pass-b,current-phase,79c3b6fbd830ab692d73e82e4b883b5d3bd49f8e13084ba2addf8912a3ade0d0,process,12ch-4band-lr48,automation,512,8,38137462,
pass-b,current-phase,79c3b6fbd830ab692d73e82e4b883b5d3bd49f8e13084ba2addf8912a3ade0d0,process,12ch-4band-lr48,steady,2048,0,37557243,
pass-b,current-phase,79c3b6fbd830ab692d73e82e4b883b5d3bd49f8e13084ba2addf8912a3ade0d0,process,12ch-4band-lr48,steady,2048,1,37455801,
pass-b,current-phase,79c3b6fbd830ab692d73e82e4b883b5d3bd49f8e13084ba2addf8912a3ade0d0,process,12ch-4band-lr48,steady,2048,2,37549628,
pass-b,current-phase,79c3b6fbd830ab692d73e82e4b883b5d3bd49f8e13084ba2addf8912a3ade0d0,process,12ch-4band-lr48,steady,2048,3,37448426,
pass-b,current-phase,79c3b6fbd830ab692d73e82e4b883b5d3bd49f8e13084ba2addf8912a3ade0d0,process,12ch-4band-lr48,steady,2048,4,37548938,
pass-b,current-phase,79c3b6fbd830ab692d73e82e4b883b5d3bd49f8e13084ba2addf8912a3ade0d0,process,12ch-4band-lr48,steady,2048,5,37282773,
pass-b,current-phase,79c3b6fbd830ab692d73e82e4b883b5d3bd49f8e13084ba2addf8912a3ade0d0,process,12ch-4band-lr48,steady,2048,6,37447084,
pass-b,current-phase,79c3b6fbd830ab692d73e82e4b883b5d3bd49f8e13084ba2addf8912a3ade0d0,process,12ch-4band-lr48,steady,2048,7,37224583,
pass-b,current-phase,79c3b6fbd830ab692d73e82e4b883b5d3bd49f8e13084ba2addf8912a3ade0d0,process,12ch-4band-lr48,steady,2048,8,37502619,
pass-b,current-phase,79c3b6fbd830ab692d73e82e4b883b5d3bd49f8e13084ba2addf8912a3ade0d0,process,12ch-4band-lr48,automation,2048,0,37995343,
pass-b,current-phase,79c3b6fbd830ab692d73e82e4b883b5d3bd49f8e13084ba2addf8912a3ade0d0,process,12ch-4band-lr48,automation,2048,1,38040308,
pass-b,current-phase,79c3b6fbd830ab692d73e82e4b883b5d3bd49f8e13084ba2addf8912a3ade0d0,process,12ch-4band-lr48,automation,2048,2,37878632,
pass-b,current-phase,79c3b6fbd830ab692d73e82e4b883b5d3bd49f8e13084ba2addf8912a3ade0d0,process,12ch-4band-lr48,automation,2048,3,37985564,
pass-b,current-phase,79c3b6fbd830ab692d73e82e4b883b5d3bd49f8e13084ba2addf8912a3ade0d0,process,12ch-4band-lr48,automation,2048,4,37924668,
pass-b,current-phase,79c3b6fbd830ab692d73e82e4b883b5d3bd49f8e13084ba2addf8912a3ade0d0,process,12ch-4band-lr48,automation,2048,5,37995392,
pass-b,current-phase,79c3b6fbd830ab692d73e82e4b883b5d3bd49f8e13084ba2addf8912a3ade0d0,process,12ch-4band-lr48,automation,2048,6,37980735,
pass-b,current-phase,79c3b6fbd830ab692d73e82e4b883b5d3bd49f8e13084ba2addf8912a3ade0d0,process,12ch-4band-lr48,automation,2048,7,37983370,
pass-b,current-phase,79c3b6fbd830ab692d73e82e4b883b5d3bd49f8e13084ba2addf8912a3ade0d0,process,12ch-4band-lr48,automation,2048,8,37956920,
pass-b,current-legacy,79c3b6fbd830ab692d73e82e4b883b5d3bd49f8e13084ba2addf8912a3ade0d0,setup,stereo-2band-lr24,,,0,,8191
pass-b,current-legacy,79c3b6fbd830ab692d73e82e4b883b5d3bd49f8e13084ba2addf8912a3ade0d0,setup,stereo-2band-lr24,,,1,,2810
pass-b,current-legacy,79c3b6fbd830ab692d73e82e4b883b5d3bd49f8e13084ba2addf8912a3ade0d0,setup,stereo-2band-lr24,,,2,,2377
pass-b,current-legacy,79c3b6fbd830ab692d73e82e4b883b5d3bd49f8e13084ba2addf8912a3ade0d0,setup,stereo-2band-lr24,,,3,,2370
pass-b,current-legacy,79c3b6fbd830ab692d73e82e4b883b5d3bd49f8e13084ba2addf8912a3ade0d0,setup,stereo-2band-lr24,,,4,,2351
pass-b,current-legacy,79c3b6fbd830ab692d73e82e4b883b5d3bd49f8e13084ba2addf8912a3ade0d0,setup,stereo-2band-lr24,,,5,,2450
pass-b,current-legacy,79c3b6fbd830ab692d73e82e4b883b5d3bd49f8e13084ba2addf8912a3ade0d0,setup,stereo-2band-lr24,,,6,,2347
pass-b,current-legacy,79c3b6fbd830ab692d73e82e4b883b5d3bd49f8e13084ba2addf8912a3ade0d0,setup,stereo-2band-lr24,,,7,,2371
pass-b,current-legacy,79c3b6fbd830ab692d73e82e4b883b5d3bd49f8e13084ba2addf8912a3ade0d0,setup,stereo-2band-lr24,,,8,,2334
pass-b,current-legacy,79c3b6fbd830ab692d73e82e4b883b5d3bd49f8e13084ba2addf8912a3ade0d0,process,stereo-2band-lr24,steady,32,0,1380453,
pass-b,current-legacy,79c3b6fbd830ab692d73e82e4b883b5d3bd49f8e13084ba2addf8912a3ade0d0,process,stereo-2band-lr24,steady,32,1,1305943,
pass-b,current-legacy,79c3b6fbd830ab692d73e82e4b883b5d3bd49f8e13084ba2addf8912a3ade0d0,process,stereo-2band-lr24,steady,32,2,1091527,
pass-b,current-legacy,79c3b6fbd830ab692d73e82e4b883b5d3bd49f8e13084ba2addf8912a3ade0d0,process,stereo-2band-lr24,steady,32,3,1099461,
pass-b,current-legacy,79c3b6fbd830ab692d73e82e4b883b5d3bd49f8e13084ba2addf8912a3ade0d0,process,stereo-2band-lr24,steady,32,4,1100172,
pass-b,current-legacy,79c3b6fbd830ab692d73e82e4b883b5d3bd49f8e13084ba2addf8912a3ade0d0,process,stereo-2band-lr24,steady,32,5,1107897,
pass-b,current-legacy,79c3b6fbd830ab692d73e82e4b883b5d3bd49f8e13084ba2addf8912a3ade0d0,process,stereo-2band-lr24,steady,32,6,1103520,
pass-b,current-legacy,79c3b6fbd830ab692d73e82e4b883b5d3bd49f8e13084ba2addf8912a3ade0d0,process,stereo-2band-lr24,steady,32,7,1101937,
pass-b,current-legacy,79c3b6fbd830ab692d73e82e4b883b5d3bd49f8e13084ba2addf8912a3ade0d0,process,stereo-2band-lr24,steady,32,8,1106876,
pass-b,current-legacy,79c3b6fbd830ab692d73e82e4b883b5d3bd49f8e13084ba2addf8912a3ade0d0,process,stereo-2band-lr24,automation,32,0,1178922,
pass-b,current-legacy,79c3b6fbd830ab692d73e82e4b883b5d3bd49f8e13084ba2addf8912a3ade0d0,process,stereo-2band-lr24,automation,32,1,1169675,
pass-b,current-legacy,79c3b6fbd830ab692d73e82e4b883b5d3bd49f8e13084ba2addf8912a3ade0d0,process,stereo-2band-lr24,automation,32,2,1178871,
pass-b,current-legacy,79c3b6fbd830ab692d73e82e4b883b5d3bd49f8e13084ba2addf8912a3ade0d0,process,stereo-2band-lr24,automation,32,3,1175255,
pass-b,current-legacy,79c3b6fbd830ab692d73e82e4b883b5d3bd49f8e13084ba2addf8912a3ade0d0,process,stereo-2band-lr24,automation,32,4,1184993,
pass-b,current-legacy,79c3b6fbd830ab692d73e82e4b883b5d3bd49f8e13084ba2addf8912a3ade0d0,process,stereo-2band-lr24,automation,32,5,1176547,
pass-b,current-legacy,79c3b6fbd830ab692d73e82e4b883b5d3bd49f8e13084ba2addf8912a3ade0d0,process,stereo-2band-lr24,automation,32,6,1185354,
pass-b,current-legacy,79c3b6fbd830ab692d73e82e4b883b5d3bd49f8e13084ba2addf8912a3ade0d0,process,stereo-2band-lr24,automation,32,7,1177199,
pass-b,current-legacy,79c3b6fbd830ab692d73e82e4b883b5d3bd49f8e13084ba2addf8912a3ade0d0,process,stereo-2band-lr24,automation,32,8,1190895,
pass-b,current-legacy,79c3b6fbd830ab692d73e82e4b883b5d3bd49f8e13084ba2addf8912a3ade0d0,process,stereo-2band-lr24,steady,512,0,1085705,
pass-b,current-legacy,79c3b6fbd830ab692d73e82e4b883b5d3bd49f8e13084ba2addf8912a3ade0d0,process,stereo-2band-lr24,steady,512,1,1107096,
pass-b,current-legacy,79c3b6fbd830ab692d73e82e4b883b5d3bd49f8e13084ba2addf8912a3ade0d0,process,stereo-2band-lr24,steady,512,2,1085906,
pass-b,current-legacy,79c3b6fbd830ab692d73e82e4b883b5d3bd49f8e13084ba2addf8912a3ade0d0,process,stereo-2band-lr24,steady,512,3,1097698,
pass-b,current-legacy,79c3b6fbd830ab692d73e82e4b883b5d3bd49f8e13084ba2addf8912a3ade0d0,process,stereo-2band-lr24,steady,512,4,1091556,
pass-b,current-legacy,79c3b6fbd830ab692d73e82e4b883b5d3bd49f8e13084ba2addf8912a3ade0d0,process,stereo-2band-lr24,steady,512,5,1094001,
pass-b,current-legacy,79c3b6fbd830ab692d73e82e4b883b5d3bd49f8e13084ba2addf8912a3ade0d0,process,stereo-2band-lr24,steady,512,6,1099071,
pass-b,current-legacy,79c3b6fbd830ab692d73e82e4b883b5d3bd49f8e13084ba2addf8912a3ade0d0,process,stereo-2band-lr24,steady,512,7,1098450,
pass-b,current-legacy,79c3b6fbd830ab692d73e82e4b883b5d3bd49f8e13084ba2addf8912a3ade0d0,process,stereo-2band-lr24,steady,512,8,1085625,
pass-b,current-legacy,79c3b6fbd830ab692d73e82e4b883b5d3bd49f8e13084ba2addf8912a3ade0d0,process,stereo-2band-lr24,automation,512,0,1172420,
pass-b,current-legacy,79c3b6fbd830ab692d73e82e4b883b5d3bd49f8e13084ba2addf8912a3ade0d0,process,stereo-2band-lr24,automation,512,1,1158693,
pass-b,current-legacy,79c3b6fbd830ab692d73e82e4b883b5d3bd49f8e13084ba2addf8912a3ade0d0,process,stereo-2band-lr24,automation,512,2,1170106,
pass-b,current-legacy,79c3b6fbd830ab692d73e82e4b883b5d3bd49f8e13084ba2addf8912a3ade0d0,process,stereo-2band-lr24,automation,512,3,1159585,
pass-b,current-legacy,79c3b6fbd830ab692d73e82e4b883b5d3bd49f8e13084ba2addf8912a3ade0d0,process,stereo-2band-lr24,automation,512,4,1173151,
pass-b,current-legacy,79c3b6fbd830ab692d73e82e4b883b5d3bd49f8e13084ba2addf8912a3ade0d0,process,stereo-2band-lr24,automation,512,5,1165757,
pass-b,current-legacy,79c3b6fbd830ab692d73e82e4b883b5d3bd49f8e13084ba2addf8912a3ade0d0,process,stereo-2band-lr24,automation,512,6,1174764,
pass-b,current-legacy,79c3b6fbd830ab692d73e82e4b883b5d3bd49f8e13084ba2addf8912a3ade0d0,process,stereo-2band-lr24,automation,512,7,1173101,
pass-b,current-legacy,79c3b6fbd830ab692d73e82e4b883b5d3bd49f8e13084ba2addf8912a3ade0d0,process,stereo-2band-lr24,automation,512,8,1173021,
pass-b,current-legacy,79c3b6fbd830ab692d73e82e4b883b5d3bd49f8e13084ba2addf8912a3ade0d0,process,stereo-2band-lr24,steady,2048,0,1094912,
pass-b,current-legacy,79c3b6fbd830ab692d73e82e4b883b5d3bd49f8e13084ba2addf8912a3ade0d0,process,stereo-2band-lr24,steady,2048,1,1101646,
pass-b,current-legacy,79c3b6fbd830ab692d73e82e4b883b5d3bd49f8e13084ba2addf8912a3ade0d0,process,stereo-2band-lr24,steady,2048,2,1094111,
pass-b,current-legacy,79c3b6fbd830ab692d73e82e4b883b5d3bd49f8e13084ba2addf8912a3ade0d0,process,stereo-2band-lr24,steady,2048,3,1099853,
pass-b,current-legacy,79c3b6fbd830ab692d73e82e4b883b5d3bd49f8e13084ba2addf8912a3ade0d0,process,stereo-2band-lr24,steady,2048,4,1091186,
pass-b,current-legacy,79c3b6fbd830ab692d73e82e4b883b5d3bd49f8e13084ba2addf8912a3ade0d0,process,stereo-2band-lr24,steady,2048,5,1107967,
pass-b,current-legacy,79c3b6fbd830ab692d73e82e4b883b5d3bd49f8e13084ba2addf8912a3ade0d0,process,stereo-2band-lr24,steady,2048,6,1097167,
pass-b,current-legacy,79c3b6fbd830ab692d73e82e4b883b5d3bd49f8e13084ba2addf8912a3ade0d0,process,stereo-2band-lr24,steady,2048,7,1099342,
pass-b,current-legacy,79c3b6fbd830ab692d73e82e4b883b5d3bd49f8e13084ba2addf8912a3ade0d0,process,stereo-2band-lr24,steady,2048,8,1093721,
pass-b,current-legacy,79c3b6fbd830ab692d73e82e4b883b5d3bd49f8e13084ba2addf8912a3ade0d0,process,stereo-2band-lr24,automation,2048,0,1168312,
pass-b,current-legacy,79c3b6fbd830ab692d73e82e4b883b5d3bd49f8e13084ba2addf8912a3ade0d0,process,stereo-2band-lr24,automation,2048,1,1160146,
pass-b,current-legacy,79c3b6fbd830ab692d73e82e4b883b5d3bd49f8e13084ba2addf8912a3ade0d0,process,stereo-2band-lr24,automation,2048,2,1181567,
pass-b,current-legacy,79c3b6fbd830ab692d73e82e4b883b5d3bd49f8e13084ba2addf8912a3ade0d0,process,stereo-2band-lr24,automation,2048,3,1167560,
pass-b,current-legacy,79c3b6fbd830ab692d73e82e4b883b5d3bd49f8e13084ba2addf8912a3ade0d0,process,stereo-2band-lr24,automation,2048,4,1176467,
pass-b,current-legacy,79c3b6fbd830ab692d73e82e4b883b5d3bd49f8e13084ba2addf8912a3ade0d0,process,stereo-2band-lr24,automation,2048,5,1169113,
pass-b,current-legacy,79c3b6fbd830ab692d73e82e4b883b5d3bd49f8e13084ba2addf8912a3ade0d0,process,stereo-2band-lr24,automation,2048,6,1174503,
pass-b,current-legacy,79c3b6fbd830ab692d73e82e4b883b5d3bd49f8e13084ba2addf8912a3ade0d0,process,stereo-2band-lr24,automation,2048,7,1161659,
pass-b,current-legacy,79c3b6fbd830ab692d73e82e4b883b5d3bd49f8e13084ba2addf8912a3ade0d0,process,stereo-2band-lr24,automation,2048,8,1173322,
pass-b,current-legacy,79c3b6fbd830ab692d73e82e4b883b5d3bd49f8e13084ba2addf8912a3ade0d0,setup,stereo-4band-lr24,,,0,,3400
pass-b,current-legacy,79c3b6fbd830ab692d73e82e4b883b5d3bd49f8e13084ba2addf8912a3ade0d0,setup,stereo-4band-lr24,,,1,,3549
pass-b,current-legacy,79c3b6fbd830ab692d73e82e4b883b5d3bd49f8e13084ba2addf8912a3ade0d0,setup,stereo-4band-lr24,,,2,,3457
pass-b,current-legacy,79c3b6fbd830ab692d73e82e4b883b5d3bd49f8e13084ba2addf8912a3ade0d0,setup,stereo-4band-lr24,,,3,,3455
pass-b,current-legacy,79c3b6fbd830ab692d73e82e4b883b5d3bd49f8e13084ba2addf8912a3ade0d0,setup,stereo-4band-lr24,,,4,,3433
pass-b,current-legacy,79c3b6fbd830ab692d73e82e4b883b5d3bd49f8e13084ba2addf8912a3ade0d0,setup,stereo-4band-lr24,,,5,,3832
pass-b,current-legacy,79c3b6fbd830ab692d73e82e4b883b5d3bd49f8e13084ba2addf8912a3ade0d0,setup,stereo-4band-lr24,,,6,,3535
pass-b,current-legacy,79c3b6fbd830ab692d73e82e4b883b5d3bd49f8e13084ba2addf8912a3ade0d0,setup,stereo-4band-lr24,,,7,,3455
pass-b,current-legacy,79c3b6fbd830ab692d73e82e4b883b5d3bd49f8e13084ba2addf8912a3ade0d0,setup,stereo-4band-lr24,,,8,,3522
pass-b,current-legacy,79c3b6fbd830ab692d73e82e4b883b5d3bd49f8e13084ba2addf8912a3ade0d0,process,stereo-4band-lr24,steady,32,0,2976445,
pass-b,current-legacy,79c3b6fbd830ab692d73e82e4b883b5d3bd49f8e13084ba2addf8912a3ade0d0,process,stereo-4band-lr24,steady,32,1,2915851,
pass-b,current-legacy,79c3b6fbd830ab692d73e82e4b883b5d3bd49f8e13084ba2addf8912a3ade0d0,process,stereo-4band-lr24,steady,32,2,2490044,
pass-b,current-legacy,79c3b6fbd830ab692d73e82e4b883b5d3bd49f8e13084ba2addf8912a3ade0d0,process,stereo-4band-lr24,steady,32,3,2495535,
pass-b,current-legacy,79c3b6fbd830ab692d73e82e4b883b5d3bd49f8e13084ba2addf8912a3ade0d0,process,stereo-4band-lr24,steady,32,4,2497738,
pass-b,current-legacy,79c3b6fbd830ab692d73e82e4b883b5d3bd49f8e13084ba2addf8912a3ade0d0,process,stereo-4band-lr24,steady,32,5,2515472,
pass-b,current-legacy,79c3b6fbd830ab692d73e82e4b883b5d3bd49f8e13084ba2addf8912a3ade0d0,process,stereo-4band-lr24,steady,32,6,2497989,
pass-b,current-legacy,79c3b6fbd830ab692d73e82e4b883b5d3bd49f8e13084ba2addf8912a3ade0d0,process,stereo-4band-lr24,steady,32,7,2503670,
pass-b,current-legacy,79c3b6fbd830ab692d73e82e4b883b5d3bd49f8e13084ba2addf8912a3ade0d0,process,stereo-4band-lr24,steady,32,8,2496727,
pass-b,current-legacy,79c3b6fbd830ab692d73e82e4b883b5d3bd49f8e13084ba2addf8912a3ade0d0,process,stereo-4band-lr24,automation,32,0,2549727,
pass-b,current-legacy,79c3b6fbd830ab692d73e82e4b883b5d3bd49f8e13084ba2addf8912a3ade0d0,process,stereo-4band-lr24,automation,32,1,2569805,
pass-b,current-legacy,79c3b6fbd830ab692d73e82e4b883b5d3bd49f8e13084ba2addf8912a3ade0d0,process,stereo-4band-lr24,automation,32,2,2590805,
pass-b,current-legacy,79c3b6fbd830ab692d73e82e4b883b5d3bd49f8e13084ba2addf8912a3ade0d0,process,stereo-4band-lr24,automation,32,3,2559145,
pass-b,current-legacy,79c3b6fbd830ab692d73e82e4b883b5d3bd49f8e13084ba2addf8912a3ade0d0,process,stereo-4band-lr24,automation,32,4,2558424,
pass-b,current-legacy,79c3b6fbd830ab692d73e82e4b883b5d3bd49f8e13084ba2addf8912a3ade0d0,process,stereo-4band-lr24,automation,32,5,2548646,
pass-b,current-legacy,79c3b6fbd830ab692d73e82e4b883b5d3bd49f8e13084ba2addf8912a3ade0d0,process,stereo-4band-lr24,automation,32,6,2595574,
pass-b,current-legacy,79c3b6fbd830ab692d73e82e4b883b5d3bd49f8e13084ba2addf8912a3ade0d0,process,stereo-4band-lr24,automation,32,7,2569695,
pass-b,current-legacy,79c3b6fbd830ab692d73e82e4b883b5d3bd49f8e13084ba2addf8912a3ade0d0,process,stereo-4band-lr24,automation,32,8,2578532,
pass-b,current-legacy,79c3b6fbd830ab692d73e82e4b883b5d3bd49f8e13084ba2addf8912a3ade0d0,process,stereo-4band-lr24,steady,512,0,2477721,
pass-b,current-legacy,79c3b6fbd830ab692d73e82e4b883b5d3bd49f8e13084ba2addf8912a3ade0d0,process,stereo-4band-lr24,steady,512,1,2526223,
pass-b,current-legacy,79c3b6fbd830ab692d73e82e4b883b5d3bd49f8e13084ba2addf8912a3ade0d0,process,stereo-4band-lr24,steady,512,2,2475948,
pass-b,current-legacy,79c3b6fbd830ab692d73e82e4b883b5d3bd49f8e13084ba2addf8912a3ade0d0,process,stereo-4band-lr24,steady,512,3,2513548,
pass-b,current-legacy,79c3b6fbd830ab692d73e82e4b883b5d3bd49f8e13084ba2addf8912a3ade0d0,process,stereo-4band-lr24,steady,512,4,2489824,
pass-b,current-legacy,79c3b6fbd830ab692d73e82e4b883b5d3bd49f8e13084ba2addf8912a3ade0d0,process,stereo-4band-lr24,steady,512,5,2524069,
pass-b,current-legacy,79c3b6fbd830ab692d73e82e4b883b5d3bd49f8e13084ba2addf8912a3ade0d0,process,stereo-4band-lr24,steady,512,6,2461651,
pass-b,current-legacy,79c3b6fbd830ab692d73e82e4b883b5d3bd49f8e13084ba2addf8912a3ade0d0,process,stereo-4band-lr24,steady,512,7,2531643,
pass-b,current-legacy,79c3b6fbd830ab692d73e82e4b883b5d3bd49f8e13084ba2addf8912a3ade0d0,process,stereo-4band-lr24,steady,512,8,2469094,
pass-b,current-legacy,79c3b6fbd830ab692d73e82e4b883b5d3bd49f8e13084ba2addf8912a3ade0d0,process,stereo-4band-lr24,automation,512,0,2608638,
pass-b,current-legacy,79c3b6fbd830ab692d73e82e4b883b5d3bd49f8e13084ba2addf8912a3ade0d0,process,stereo-4band-lr24,automation,512,1,2567751,
pass-b,current-legacy,79c3b6fbd830ab692d73e82e4b883b5d3bd49f8e13084ba2addf8912a3ade0d0,process,stereo-4band-lr24,automation,512,2,2615352,
pass-b,current-legacy,79c3b6fbd830ab692d73e82e4b883b5d3bd49f8e13084ba2addf8912a3ade0d0,process,stereo-4band-lr24,automation,512,3,2551871,
pass-b,current-legacy,79c3b6fbd830ab692d73e82e4b883b5d3bd49f8e13084ba2addf8912a3ade0d0,process,stereo-4band-lr24,automation,512,4,2586266,
pass-b,current-legacy,79c3b6fbd830ab692d73e82e4b883b5d3bd49f8e13084ba2addf8912a3ade0d0,process,stereo-4band-lr24,automation,512,5,2537504,
pass-b,current-legacy,79c3b6fbd830ab692d73e82e4b883b5d3bd49f8e13084ba2addf8912a3ade0d0,process,stereo-4band-lr24,automation,512,6,2558624,
pass-b,current-legacy,79c3b6fbd830ab692d73e82e4b883b5d3bd49f8e13084ba2addf8912a3ade0d0,process,stereo-4band-lr24,automation,512,7,2546632,
pass-b,current-legacy,79c3b6fbd830ab692d73e82e4b883b5d3bd49f8e13084ba2addf8912a3ade0d0,process,stereo-4band-lr24,automation,512,8,2576618,
pass-b,current-legacy,79c3b6fbd830ab692d73e82e4b883b5d3bd49f8e13084ba2addf8912a3ade0d0,process,stereo-4band-lr24,steady,2048,0,2483742,
pass-b,current-legacy,79c3b6fbd830ab692d73e82e4b883b5d3bd49f8e13084ba2addf8912a3ade0d0,process,stereo-4band-lr24,steady,2048,1,2510092,
pass-b,current-legacy,79c3b6fbd830ab692d73e82e4b883b5d3bd49f8e13084ba2addf8912a3ade0d0,process,stereo-4band-lr24,steady,2048,2,2470988,
pass-b,current-legacy,79c3b6fbd830ab692d73e82e4b883b5d3bd49f8e13084ba2addf8912a3ade0d0,process,stereo-4band-lr24,steady,2048,3,2521003,
pass-b,current-legacy,79c3b6fbd830ab692d73e82e4b883b5d3bd49f8e13084ba2addf8912a3ade0d0,process,stereo-4band-lr24,steady,2048,4,2487449,
pass-b,current-legacy,79c3b6fbd830ab692d73e82e4b883b5d3bd49f8e13084ba2addf8912a3ade0d0,process,stereo-4band-lr24,steady,2048,5,2508719,
pass-b,current-legacy,79c3b6fbd830ab692d73e82e4b883b5d3bd49f8e13084ba2addf8912a3ade0d0,process,stereo-4band-lr24,steady,2048,6,2467311,
pass-b,current-legacy,79c3b6fbd830ab692d73e82e4b883b5d3bd49f8e13084ba2addf8912a3ade0d0,process,stereo-4band-lr24,steady,2048,7,2510412,
pass-b,current-legacy,79c3b6fbd830ab692d73e82e4b883b5d3bd49f8e13084ba2addf8912a3ade0d0,process,stereo-4band-lr24,steady,2048,8,2492148,
pass-b,current-legacy,79c3b6fbd830ab692d73e82e4b883b5d3bd49f8e13084ba2addf8912a3ade0d0,process,stereo-4band-lr24,automation,2048,0,2581958,
pass-b,current-legacy,79c3b6fbd830ab692d73e82e4b883b5d3bd49f8e13084ba2addf8912a3ade0d0,process,stereo-4band-lr24,automation,2048,1,2546982,
pass-b,current-legacy,79c3b6fbd830ab692d73e82e4b883b5d3bd49f8e13084ba2addf8912a3ade0d0,process,stereo-4band-lr24,automation,2048,2,2606465,
pass-b,current-legacy,79c3b6fbd830ab692d73e82e4b883b5d3bd49f8e13084ba2addf8912a3ade0d0,process,stereo-4band-lr24,automation,2048,3,2524810,
pass-b,current-legacy,79c3b6fbd830ab692d73e82e4b883b5d3bd49f8e13084ba2addf8912a3ade0d0,process,stereo-4band-lr24,automation,2048,4,2589302,
pass-b,current-legacy,79c3b6fbd830ab692d73e82e4b883b5d3bd49f8e13084ba2addf8912a3ade0d0,process,stereo-4band-lr24,automation,2048,5,2528497,
pass-b,current-legacy,79c3b6fbd830ab692d73e82e4b883b5d3bd49f8e13084ba2addf8912a3ade0d0,process,stereo-4band-lr24,automation,2048,6,2597337,
pass-b,current-legacy,79c3b6fbd830ab692d73e82e4b883b5d3bd49f8e13084ba2addf8912a3ade0d0,process,stereo-4band-lr24,automation,2048,7,2588140,
pass-b,current-legacy,79c3b6fbd830ab692d73e82e4b883b5d3bd49f8e13084ba2addf8912a3ade0d0,process,stereo-4band-lr24,automation,2048,8,2604641,
pass-b,current-legacy,79c3b6fbd830ab692d73e82e4b883b5d3bd49f8e13084ba2addf8912a3ade0d0,setup,stereo-2band-lr48,,,0,,2490
pass-b,current-legacy,79c3b6fbd830ab692d73e82e4b883b5d3bd49f8e13084ba2addf8912a3ade0d0,setup,stereo-2band-lr48,,,1,,2547
pass-b,current-legacy,79c3b6fbd830ab692d73e82e4b883b5d3bd49f8e13084ba2addf8912a3ade0d0,setup,stereo-2band-lr48,,,2,,2543
pass-b,current-legacy,79c3b6fbd830ab692d73e82e4b883b5d3bd49f8e13084ba2addf8912a3ade0d0,setup,stereo-2band-lr48,,,3,,2443
pass-b,current-legacy,79c3b6fbd830ab692d73e82e4b883b5d3bd49f8e13084ba2addf8912a3ade0d0,setup,stereo-2band-lr48,,,4,,2438
pass-b,current-legacy,79c3b6fbd830ab692d73e82e4b883b5d3bd49f8e13084ba2addf8912a3ade0d0,setup,stereo-2band-lr48,,,5,,2429
pass-b,current-legacy,79c3b6fbd830ab692d73e82e4b883b5d3bd49f8e13084ba2addf8912a3ade0d0,setup,stereo-2band-lr48,,,6,,2512
pass-b,current-legacy,79c3b6fbd830ab692d73e82e4b883b5d3bd49f8e13084ba2addf8912a3ade0d0,setup,stereo-2band-lr48,,,7,,2477
pass-b,current-legacy,79c3b6fbd830ab692d73e82e4b883b5d3bd49f8e13084ba2addf8912a3ade0d0,setup,stereo-2band-lr48,,,8,,2416
pass-b,current-legacy,79c3b6fbd830ab692d73e82e4b883b5d3bd49f8e13084ba2addf8912a3ade0d0,process,stereo-2band-lr48,steady,32,0,1669160,
pass-b,current-legacy,79c3b6fbd830ab692d73e82e4b883b5d3bd49f8e13084ba2addf8912a3ade0d0,process,stereo-2band-lr48,steady,32,1,1642940,
pass-b,current-legacy,79c3b6fbd830ab692d73e82e4b883b5d3bd49f8e13084ba2addf8912a3ade0d0,process,stereo-2band-lr48,steady,32,2,1667437,
pass-b,current-legacy,79c3b6fbd830ab692d73e82e4b883b5d3bd49f8e13084ba2addf8912a3ade0d0,process,stereo-2band-lr48,steady,32,3,1643461,
pass-b,current-legacy,79c3b6fbd830ab692d73e82e4b883b5d3bd49f8e13084ba2addf8912a3ade0d0,process,stereo-2band-lr48,steady,32,4,1663049,
pass-b,current-legacy,79c3b6fbd830ab692d73e82e4b883b5d3bd49f8e13084ba2addf8912a3ade0d0,process,stereo-2band-lr48,steady,32,5,1648361,
pass-b,current-legacy,79c3b6fbd830ab692d73e82e4b883b5d3bd49f8e13084ba2addf8912a3ade0d0,process,stereo-2band-lr48,steady,32,6,1661797,
pass-b,current-legacy,79c3b6fbd830ab692d73e82e4b883b5d3bd49f8e13084ba2addf8912a3ade0d0,process,stereo-2band-lr48,steady,32,7,1641488,
pass-b,current-legacy,79c3b6fbd830ab692d73e82e4b883b5d3bd49f8e13084ba2addf8912a3ade0d0,process,stereo-2band-lr48,steady,32,8,1666184,
pass-b,current-legacy,79c3b6fbd830ab692d73e82e4b883b5d3bd49f8e13084ba2addf8912a3ade0d0,process,stereo-2band-lr48,automation,32,0,1762867,
pass-b,current-legacy,79c3b6fbd830ab692d73e82e4b883b5d3bd49f8e13084ba2addf8912a3ade0d0,process,stereo-2band-lr48,automation,32,1,1779519,
pass-b,current-legacy,79c3b6fbd830ab692d73e82e4b883b5d3bd49f8e13084ba2addf8912a3ade0d0,process,stereo-2band-lr48,automation,32,2,1759391,
pass-b,current-legacy,79c3b6fbd830ab692d73e82e4b883b5d3bd49f8e13084ba2addf8912a3ade0d0,process,stereo-2band-lr48,automation,32,3,1788226,
pass-b,current-legacy,79c3b6fbd830ab692d73e82e4b883b5d3bd49f8e13084ba2addf8912a3ade0d0,process,stereo-2band-lr48,automation,32,4,1762888,
pass-b,current-legacy,79c3b6fbd830ab692d73e82e4b883b5d3bd49f8e13084ba2addf8912a3ade0d0,process,stereo-2band-lr48,automation,32,5,1784969,
pass-b,current-legacy,79c3b6fbd830ab692d73e82e4b883b5d3bd49f8e13084ba2addf8912a3ade0d0,process,stereo-2band-lr48,automation,32,6,1769399,
pass-b,current-legacy,79c3b6fbd830ab692d73e82e4b883b5d3bd49f8e13084ba2addf8912a3ade0d0,process,stereo-2band-lr48,automation,32,7,1790440,
pass-b,current-legacy,79c3b6fbd830ab692d73e82e4b883b5d3bd49f8e13084ba2addf8912a3ade0d0,process,stereo-2band-lr48,automation,32,8,1771664,
pass-b,current-legacy,79c3b6fbd830ab692d73e82e4b883b5d3bd49f8e13084ba2addf8912a3ade0d0,process,stereo-2band-lr48,steady,512,0,1644674,
pass-b,current-legacy,79c3b6fbd830ab692d73e82e4b883b5d3bd49f8e13084ba2addf8912a3ade0d0,process,stereo-2band-lr48,steady,512,1,1632080,
pass-b,current-legacy,79c3b6fbd830ab692d73e82e4b883b5d3bd49f8e13084ba2addf8912a3ade0d0,process,stereo-2band-lr48,steady,512,2,1645405,
pass-b,current-legacy,79c3b6fbd830ab692d73e82e4b883b5d3bd49f8e13084ba2addf8912a3ade0d0,process,stereo-2band-lr48,steady,512,3,1622071,
pass-b,current-legacy,79c3b6fbd830ab692d73e82e4b883b5d3bd49f8e13084ba2addf8912a3ade0d0,process,stereo-2band-lr48,steady,512,4,1637249,
pass-b,current-legacy,79c3b6fbd830ab692d73e82e4b883b5d3bd49f8e13084ba2addf8912a3ade0d0,process,stereo-2band-lr48,steady,512,5,1633071,
pass-b,current-legacy,79c3b6fbd830ab692d73e82e4b883b5d3bd49f8e13084ba2addf8912a3ade0d0,process,stereo-2band-lr48,steady,512,6,1647539,
pass-b,current-legacy,79c3b6fbd830ab692d73e82e4b883b5d3bd49f8e13084ba2addf8912a3ade0d0,process,stereo-2band-lr48,steady,512,7,1628103,
pass-b,current-legacy,79c3b6fbd830ab692d73e82e4b883b5d3bd49f8e13084ba2addf8912a3ade0d0,process,stereo-2band-lr48,steady,512,8,1645395,
pass-b,current-legacy,79c3b6fbd830ab692d73e82e4b883b5d3bd49f8e13084ba2addf8912a3ade0d0,process,stereo-2band-lr48,automation,512,0,1733612,
pass-b,current-legacy,79c3b6fbd830ab692d73e82e4b883b5d3bd49f8e13084ba2addf8912a3ade0d0,process,stereo-2band-lr48,automation,512,1,1758860,
pass-b,current-legacy,79c3b6fbd830ab692d73e82e4b883b5d3bd49f8e13084ba2addf8912a3ade0d0,process,stereo-2band-lr48,automation,512,2,1737559,
pass-b,current-legacy,79c3b6fbd830ab692d73e82e4b883b5d3bd49f8e13084ba2addf8912a3ade0d0,process,stereo-2band-lr48,automation,512,3,1742259,
pass-b,current-legacy,79c3b6fbd830ab692d73e82e4b883b5d3bd49f8e13084ba2addf8912a3ade0d0,process,stereo-2band-lr48,automation,512,4,1732631,
pass-b,current-legacy,79c3b6fbd830ab692d73e82e4b883b5d3bd49f8e13084ba2addf8912a3ade0d0,process,stereo-2band-lr48,automation,512,5,1749563,
pass-b,current-legacy,79c3b6fbd830ab692d73e82e4b883b5d3bd49f8e13084ba2addf8912a3ade0d0,process,stereo-2band-lr48,automation,512,6,1733492,
pass-b,current-legacy,79c3b6fbd830ab692d73e82e4b883b5d3bd49f8e13084ba2addf8912a3ade0d0,process,stereo-2band-lr48,automation,512,7,1750784,
pass-b,current-legacy,79c3b6fbd830ab692d73e82e4b883b5d3bd49f8e13084ba2addf8912a3ade0d0,process,stereo-2band-lr48,automation,512,8,1730607,
pass-b,current-legacy,79c3b6fbd830ab692d73e82e4b883b5d3bd49f8e13084ba2addf8912a3ade0d0,process,stereo-2band-lr48,steady,2048,0,1659772,
pass-b,current-legacy,79c3b6fbd830ab692d73e82e4b883b5d3bd49f8e13084ba2addf8912a3ade0d0,process,stereo-2band-lr48,steady,2048,1,1624656,
pass-b,current-legacy,79c3b6fbd830ab692d73e82e4b883b5d3bd49f8e13084ba2addf8912a3ade0d0,process,stereo-2band-lr48,steady,2048,2,1651707,
pass-b,current-legacy,79c3b6fbd830ab692d73e82e4b883b5d3bd49f8e13084ba2addf8912a3ade0d0,process,stereo-2band-lr48,steady,2048,3,1621680,
pass-b,current-legacy,79c3b6fbd830ab692d73e82e4b883b5d3bd49f8e13084ba2addf8912a3ade0d0,process,stereo-2band-lr48,steady,2048,4,1638692,
pass-b,current-legacy,79c3b6fbd830ab692d73e82e4b883b5d3bd49f8e13084ba2addf8912a3ade0d0,process,stereo-2band-lr48,steady,2048,5,1629335,
pass-b,current-legacy,79c3b6fbd830ab692d73e82e4b883b5d3bd49f8e13084ba2addf8912a3ade0d0,process,stereo-2band-lr48,steady,2048,6,1643591,
pass-b,current-legacy,79c3b6fbd830ab692d73e82e4b883b5d3bd49f8e13084ba2addf8912a3ade0d0,process,stereo-2band-lr48,steady,2048,7,1647349,
pass-b,current-legacy,79c3b6fbd830ab692d73e82e4b883b5d3bd49f8e13084ba2addf8912a3ade0d0,process,stereo-2band-lr48,steady,2048,8,1649383,
pass-b,current-legacy,79c3b6fbd830ab692d73e82e4b883b5d3bd49f8e13084ba2addf8912a3ade0d0,process,stereo-2band-lr48,automation,2048,0,1721479,
pass-b,current-legacy,79c3b6fbd830ab692d73e82e4b883b5d3bd49f8e13084ba2addf8912a3ade0d0,process,stereo-2band-lr48,automation,2048,1,1756926,
pass-b,current-legacy,79c3b6fbd830ab692d73e82e4b883b5d3bd49f8e13084ba2addf8912a3ade0d0,process,stereo-2band-lr48,automation,2048,2,1742269,
pass-b,current-legacy,79c3b6fbd830ab692d73e82e4b883b5d3bd49f8e13084ba2addf8912a3ade0d0,process,stereo-2band-lr48,automation,2048,3,1748350,
pass-b,current-legacy,79c3b6fbd830ab692d73e82e4b883b5d3bd49f8e13084ba2addf8912a3ade0d0,process,stereo-2band-lr48,automation,2048,4,1738361,
pass-b,current-legacy,79c3b6fbd830ab692d73e82e4b883b5d3bd49f8e13084ba2addf8912a3ade0d0,process,stereo-2band-lr48,automation,2048,5,1757247,
pass-b,current-legacy,79c3b6fbd830ab692d73e82e4b883b5d3bd49f8e13084ba2addf8912a3ade0d0,process,stereo-2band-lr48,automation,2048,6,1735155,
pass-b,current-legacy,79c3b6fbd830ab692d73e82e4b883b5d3bd49f8e13084ba2addf8912a3ade0d0,process,stereo-2band-lr48,automation,2048,7,1750414,
pass-b,current-legacy,79c3b6fbd830ab692d73e82e4b883b5d3bd49f8e13084ba2addf8912a3ade0d0,process,stereo-2band-lr48,automation,2048,8,1729685,
pass-b,current-legacy,79c3b6fbd830ab692d73e82e4b883b5d3bd49f8e13084ba2addf8912a3ade0d0,setup,stereo-4band-lr48,,,0,,4671
pass-b,current-legacy,79c3b6fbd830ab692d73e82e4b883b5d3bd49f8e13084ba2addf8912a3ade0d0,setup,stereo-4band-lr48,,,1,,4671
pass-b,current-legacy,79c3b6fbd830ab692d73e82e4b883b5d3bd49f8e13084ba2addf8912a3ade0d0,setup,stereo-4band-lr48,,,2,,4780
pass-b,current-legacy,79c3b6fbd830ab692d73e82e4b883b5d3bd49f8e13084ba2addf8912a3ade0d0,setup,stereo-4band-lr48,,,3,,4627
pass-b,current-legacy,79c3b6fbd830ab692d73e82e4b883b5d3bd49f8e13084ba2addf8912a3ade0d0,setup,stereo-4band-lr48,,,4,,4637
pass-b,current-legacy,79c3b6fbd830ab692d73e82e4b883b5d3bd49f8e13084ba2addf8912a3ade0d0,setup,stereo-4band-lr48,,,5,,4714
pass-b,current-legacy,79c3b6fbd830ab692d73e82e4b883b5d3bd49f8e13084ba2addf8912a3ade0d0,setup,stereo-4band-lr48,,,6,,4599
pass-b,current-legacy,79c3b6fbd830ab692d73e82e4b883b5d3bd49f8e13084ba2addf8912a3ade0d0,setup,stereo-4band-lr48,,,7,,4602
pass-b,current-legacy,79c3b6fbd830ab692d73e82e4b883b5d3bd49f8e13084ba2addf8912a3ade0d0,setup,stereo-4band-lr48,,,8,,4657
pass-b,current-legacy,79c3b6fbd830ab692d73e82e4b883b5d3bd49f8e13084ba2addf8912a3ade0d0,process,stereo-4band-lr48,steady,32,0,4410080,
pass-b,current-legacy,79c3b6fbd830ab692d73e82e4b883b5d3bd49f8e13084ba2addf8912a3ade0d0,process,stereo-4band-lr48,steady,32,1,4626850,
pass-b,current-legacy,79c3b6fbd830ab692d73e82e4b883b5d3bd49f8e13084ba2addf8912a3ade0d0,process,stereo-4band-lr48,steady,32,2,4337652,
pass-b,current-legacy,79c3b6fbd830ab692d73e82e4b883b5d3bd49f8e13084ba2addf8912a3ade0d0,process,stereo-4band-lr48,steady,32,3,4354364,
pass-b,current-legacy,79c3b6fbd830ab692d73e82e4b883b5d3bd49f8e13084ba2addf8912a3ade0d0,process,stereo-4band-lr48,steady,32,4,4372057,
pass-b,current-legacy,79c3b6fbd830ab692d73e82e4b883b5d3bd49f8e13084ba2addf8912a3ade0d0,process,stereo-4band-lr48,steady,32,5,4430087,
pass-b,current-legacy,79c3b6fbd830ab692d73e82e4b883b5d3bd49f8e13084ba2addf8912a3ade0d0,process,stereo-4band-lr48,steady,32,6,4381726,
pass-b,current-legacy,79c3b6fbd830ab692d73e82e4b883b5d3bd49f8e13084ba2addf8912a3ade0d0,process,stereo-4band-lr48,steady,32,7,4380793,
pass-b,current-legacy,79c3b6fbd830ab692d73e82e4b883b5d3bd49f8e13084ba2addf8912a3ade0d0,process,stereo-4band-lr48,steady,32,8,4452139,
pass-b,current-legacy,79c3b6fbd830ab692d73e82e4b883b5d3bd49f8e13084ba2addf8912a3ade0d0,process,stereo-4band-lr48,automation,32,0,4425468,
pass-b,current-legacy,79c3b6fbd830ab692d73e82e4b883b5d3bd49f8e13084ba2addf8912a3ade0d0,process,stereo-4band-lr48,automation,32,1,4479892,
pass-b,current-legacy,79c3b6fbd830ab692d73e82e4b883b5d3bd49f8e13084ba2addf8912a3ade0d0,process,stereo-4band-lr48,automation,32,2,4440477,
pass-b,current-legacy,79c3b6fbd830ab692d73e82e4b883b5d3bd49f8e13084ba2addf8912a3ade0d0,process,stereo-4band-lr48,automation,32,3,4475112,
pass-b,current-legacy,79c3b6fbd830ab692d73e82e4b883b5d3bd49f8e13084ba2addf8912a3ade0d0,process,stereo-4band-lr48,automation,32,4,4439224,
pass-b,current-legacy,79c3b6fbd830ab692d73e82e4b883b5d3bd49f8e13084ba2addf8912a3ade0d0,process,stereo-4band-lr48,automation,32,5,4480923,
pass-b,current-legacy,79c3b6fbd830ab692d73e82e4b883b5d3bd49f8e13084ba2addf8912a3ade0d0,process,stereo-4band-lr48,automation,32,6,4469171,
pass-b,current-legacy,79c3b6fbd830ab692d73e82e4b883b5d3bd49f8e13084ba2addf8912a3ade0d0,process,stereo-4band-lr48,automation,32,7,4477767,
pass-b,current-legacy,79c3b6fbd830ab692d73e82e4b883b5d3bd49f8e13084ba2addf8912a3ade0d0,process,stereo-4band-lr48,automation,32,8,4483949,
pass-b,current-legacy,79c3b6fbd830ab692d73e82e4b883b5d3bd49f8e13084ba2addf8912a3ade0d0,process,stereo-4band-lr48,steady,512,0,4330809,
pass-b,current-legacy,79c3b6fbd830ab692d73e82e4b883b5d3bd49f8e13084ba2addf8912a3ade0d0,process,stereo-4band-lr48,steady,512,1,4339947,
pass-b,current-legacy,79c3b6fbd830ab692d73e82e4b883b5d3bd49f8e13084ba2addf8912a3ade0d0,process,stereo-4band-lr48,steady,512,2,4337232,
pass-b,current-legacy,79c3b6fbd830ab692d73e82e4b883b5d3bd49f8e13084ba2addf8912a3ade0d0,process,stereo-4band-lr48,steady,512,3,4334456,
pass-b,current-legacy,79c3b6fbd830ab692d73e82e4b883b5d3bd49f8e13084ba2addf8912a3ade0d0,process,stereo-4band-lr48,steady,512,4,4297255,
pass-b,current-legacy,79c3b6fbd830ab692d73e82e4b883b5d3bd49f8e13084ba2addf8912a3ade0d0,process,stereo-4band-lr48,steady,512,5,4332843,
pass-b,current-legacy,79c3b6fbd830ab692d73e82e4b883b5d3bd49f8e13084ba2addf8912a3ade0d0,process,stereo-4band-lr48,steady,512,6,4384450,
pass-b,current-legacy,79c3b6fbd830ab692d73e82e4b883b5d3bd49f8e13084ba2addf8912a3ade0d0,process,stereo-4band-lr48,steady,512,7,4333263,
pass-b,current-legacy,79c3b6fbd830ab692d73e82e4b883b5d3bd49f8e13084ba2addf8912a3ade0d0,process,stereo-4band-lr48,steady,512,8,4364203,
pass-b,current-legacy,79c3b6fbd830ab692d73e82e4b883b5d3bd49f8e13084ba2addf8912a3ade0d0,process,stereo-4band-lr48,automation,512,0,4435387,
pass-b,current-legacy,79c3b6fbd830ab692d73e82e4b883b5d3bd49f8e13084ba2addf8912a3ade0d0,process,stereo-4band-lr48,automation,512,1,4443001,
pass-b,current-legacy,79c3b6fbd830ab692d73e82e4b883b5d3bd49f8e13084ba2addf8912a3ade0d0,process,stereo-4band-lr48,automation,512,2,4437330,
pass-b,current-legacy,79c3b6fbd830ab692d73e82e4b883b5d3bd49f8e13084ba2addf8912a3ade0d0,process,stereo-4band-lr48,automation,512,3,4404278,
pass-b,current-legacy,79c3b6fbd830ab692d73e82e4b883b5d3bd49f8e13084ba2addf8912a3ade0d0,process,stereo-4band-lr48,automation,512,4,4426630,
pass-b,current-legacy,79c3b6fbd830ab692d73e82e4b883b5d3bd49f8e13084ba2addf8912a3ade0d0,process,stereo-4band-lr48,automation,512,5,4416772,
pass-b,current-legacy,79c3b6fbd830ab692d73e82e4b883b5d3bd49f8e13084ba2addf8912a3ade0d0,process,stereo-4band-lr48,automation,512,6,4437772,
pass-b,current-legacy,79c3b6fbd830ab692d73e82e4b883b5d3bd49f8e13084ba2addf8912a3ade0d0,process,stereo-4band-lr48,automation,512,7,4402715,
pass-b,current-legacy,79c3b6fbd830ab692d73e82e4b883b5d3bd49f8e13084ba2addf8912a3ade0d0,process,stereo-4band-lr48,automation,512,8,4441729,
pass-b,current-legacy,79c3b6fbd830ab692d73e82e4b883b5d3bd49f8e13084ba2addf8912a3ade0d0,process,stereo-4band-lr48,steady,2048,0,4304049,
pass-b,current-legacy,79c3b6fbd830ab692d73e82e4b883b5d3bd49f8e13084ba2addf8912a3ade0d0,process,stereo-4band-lr48,steady,2048,1,4320309,
pass-b,current-legacy,79c3b6fbd830ab692d73e82e4b883b5d3bd49f8e13084ba2addf8912a3ade0d0,process,stereo-4band-lr48,steady,2048,2,4307554,
pass-b,current-legacy,79c3b6fbd830ab692d73e82e4b883b5d3bd49f8e13084ba2addf8912a3ade0d0,process,stereo-4band-lr48,steady,2048,3,4331290,
pass-b,current-legacy,79c3b6fbd830ab692d73e82e4b883b5d3bd49f8e13084ba2addf8912a3ade0d0,process,stereo-4band-lr48,steady,2048,4,4324638,
pass-b,current-legacy,79c3b6fbd830ab692d73e82e4b883b5d3bd49f8e13084ba2addf8912a3ade0d0,process,stereo-4band-lr48,steady,2048,5,4347991,
pass-b,current-legacy,79c3b6fbd830ab692d73e82e4b883b5d3bd49f8e13084ba2addf8912a3ade0d0,process,stereo-4band-lr48,steady,2048,6,4329056,
pass-b,current-legacy,79c3b6fbd830ab692d73e82e4b883b5d3bd49f8e13084ba2addf8912a3ade0d0,process,stereo-4band-lr48,steady,2048,7,4330709,
pass-b,current-legacy,79c3b6fbd830ab692d73e82e4b883b5d3bd49f8e13084ba2addf8912a3ade0d0,process,stereo-4band-lr48,steady,2048,8,4325299,
pass-b,current-legacy,79c3b6fbd830ab692d73e82e4b883b5d3bd49f8e13084ba2addf8912a3ade0d0,process,stereo-4band-lr48,automation,2048,0,4420840,
pass-b,current-legacy,79c3b6fbd830ab692d73e82e4b883b5d3bd49f8e13084ba2addf8912a3ade0d0,process,stereo-4band-lr48,automation,2048,1,4435958,
pass-b,current-legacy,79c3b6fbd830ab692d73e82e4b883b5d3bd49f8e13084ba2addf8912a3ade0d0,process,stereo-4band-lr48,automation,2048,2,4424216,
pass-b,current-legacy,79c3b6fbd830ab692d73e82e4b883b5d3bd49f8e13084ba2addf8912a3ade0d0,process,stereo-4band-lr48,automation,2048,3,4436940,
pass-b,current-legacy,79c3b6fbd830ab692d73e82e4b883b5d3bd49f8e13084ba2addf8912a3ade0d0,process,stereo-4band-lr48,automation,2048,4,4427702,
pass-b,current-legacy,79c3b6fbd830ab692d73e82e4b883b5d3bd49f8e13084ba2addf8912a3ade0d0,process,stereo-4band-lr48,automation,2048,5,4404569,
pass-b,current-legacy,79c3b6fbd830ab692d73e82e4b883b5d3bd49f8e13084ba2addf8912a3ade0d0,process,stereo-4band-lr48,automation,2048,6,4404689,
pass-b,current-legacy,79c3b6fbd830ab692d73e82e4b883b5d3bd49f8e13084ba2addf8912a3ade0d0,process,stereo-4band-lr48,automation,2048,7,4426079,
pass-b,current-legacy,79c3b6fbd830ab692d73e82e4b883b5d3bd49f8e13084ba2addf8912a3ade0d0,process,stereo-4band-lr48,automation,2048,8,4415289,
pass-b,current-legacy,79c3b6fbd830ab692d73e82e4b883b5d3bd49f8e13084ba2addf8912a3ade0d0,setup,12ch-4band-lr48,,,0,,16678
pass-b,current-legacy,79c3b6fbd830ab692d73e82e4b883b5d3bd49f8e13084ba2addf8912a3ade0d0,setup,12ch-4band-lr48,,,1,,16682
pass-b,current-legacy,79c3b6fbd830ab692d73e82e4b883b5d3bd49f8e13084ba2addf8912a3ade0d0,setup,12ch-4band-lr48,,,2,,16750
pass-b,current-legacy,79c3b6fbd830ab692d73e82e4b883b5d3bd49f8e13084ba2addf8912a3ade0d0,setup,12ch-4band-lr48,,,3,,16678
pass-b,current-legacy,79c3b6fbd830ab692d73e82e4b883b5d3bd49f8e13084ba2addf8912a3ade0d0,setup,12ch-4band-lr48,,,4,,16769
pass-b,current-legacy,79c3b6fbd830ab692d73e82e4b883b5d3bd49f8e13084ba2addf8912a3ade0d0,setup,12ch-4band-lr48,,,5,,16651
pass-b,current-legacy,79c3b6fbd830ab692d73e82e4b883b5d3bd49f8e13084ba2addf8912a3ade0d0,setup,12ch-4band-lr48,,,6,,16768
pass-b,current-legacy,79c3b6fbd830ab692d73e82e4b883b5d3bd49f8e13084ba2addf8912a3ade0d0,setup,12ch-4band-lr48,,,7,,16685
pass-b,current-legacy,79c3b6fbd830ab692d73e82e4b883b5d3bd49f8e13084ba2addf8912a3ade0d0,setup,12ch-4band-lr48,,,8,,16706
pass-b,current-legacy,79c3b6fbd830ab692d73e82e4b883b5d3bd49f8e13084ba2addf8912a3ade0d0,process,12ch-4band-lr48,steady,32,0,20362480,
pass-b,current-legacy,79c3b6fbd830ab692d73e82e4b883b5d3bd49f8e13084ba2addf8912a3ade0d0,process,12ch-4band-lr48,steady,32,1,19580931,
pass-b,current-legacy,79c3b6fbd830ab692d73e82e4b883b5d3bd49f8e13084ba2addf8912a3ade0d0,process,12ch-4band-lr48,steady,32,2,16980397,
pass-b,current-legacy,79c3b6fbd830ab692d73e82e4b883b5d3bd49f8e13084ba2addf8912a3ade0d0,process,12ch-4band-lr48,steady,32,3,16829491,
pass-b,current-legacy,79c3b6fbd830ab692d73e82e4b883b5d3bd49f8e13084ba2addf8912a3ade0d0,process,12ch-4band-lr48,steady,32,4,16819703,
pass-b,current-legacy,79c3b6fbd830ab692d73e82e4b883b5d3bd49f8e13084ba2addf8912a3ade0d0,process,12ch-4band-lr48,steady,32,5,16854398,
pass-b,current-legacy,79c3b6fbd830ab692d73e82e4b883b5d3bd49f8e13084ba2addf8912a3ade0d0,process,12ch-4band-lr48,steady,32,6,16837366,
pass-b,current-legacy,79c3b6fbd830ab692d73e82e4b883b5d3bd49f8e13084ba2addf8912a3ade0d0,process,12ch-4band-lr48,steady,32,7,16965879,
pass-b,current-legacy,79c3b6fbd830ab692d73e82e4b883b5d3bd49f8e13084ba2addf8912a3ade0d0,process,12ch-4band-lr48,steady,32,8,16815445,
pass-b,current-legacy,79c3b6fbd830ab692d73e82e4b883b5d3bd49f8e13084ba2addf8912a3ade0d0,process,12ch-4band-lr48,automation,32,0,17323997,
pass-b,current-legacy,79c3b6fbd830ab692d73e82e4b883b5d3bd49f8e13084ba2addf8912a3ade0d0,process,12ch-4band-lr48,automation,32,1,17294281,
pass-b,current-legacy,79c3b6fbd830ab692d73e82e4b883b5d3bd49f8e13084ba2addf8912a3ade0d0,process,12ch-4band-lr48,automation,32,2,17328356,
pass-b,current-legacy,79c3b6fbd830ab692d73e82e4b883b5d3bd49f8e13084ba2addf8912a3ade0d0,process,12ch-4band-lr48,automation,32,3,17339116,
pass-b,current-legacy,79c3b6fbd830ab692d73e82e4b883b5d3bd49f8e13084ba2addf8912a3ade0d0,process,12ch-4band-lr48,automation,32,4,17337002,
pass-b,current-legacy,79c3b6fbd830ab692d73e82e4b883b5d3bd49f8e13084ba2addf8912a3ade0d0,process,12ch-4band-lr48,automation,32,5,17332223,
pass-b,current-legacy,79c3b6fbd830ab692d73e82e4b883b5d3bd49f8e13084ba2addf8912a3ade0d0,process,12ch-4band-lr48,automation,32,6,17339947,
pass-b,current-legacy,79c3b6fbd830ab692d73e82e4b883b5d3bd49f8e13084ba2addf8912a3ade0d0,process,12ch-4band-lr48,automation,32,7,17272590,
pass-b,current-legacy,79c3b6fbd830ab692d73e82e4b883b5d3bd49f8e13084ba2addf8912a3ade0d0,process,12ch-4band-lr48,automation,32,8,17290053,
pass-b,current-legacy,79c3b6fbd830ab692d73e82e4b883b5d3bd49f8e13084ba2addf8912a3ade0d0,process,12ch-4band-lr48,steady,512,0,16751885,
pass-b,current-legacy,79c3b6fbd830ab692d73e82e4b883b5d3bd49f8e13084ba2addf8912a3ade0d0,process,12ch-4band-lr48,steady,512,1,16838979,
pass-b,current-legacy,79c3b6fbd830ab692d73e82e4b883b5d3bd49f8e13084ba2addf8912a3ade0d0,process,12ch-4band-lr48,steady,512,2,16787311,
pass-b,current-legacy,79c3b6fbd830ab692d73e82e4b883b5d3bd49f8e13084ba2addf8912a3ade0d0,process,12ch-4band-lr48,steady,512,3,16812299,
pass-b,current-legacy,79c3b6fbd830ab692d73e82e4b883b5d3bd49f8e13084ba2addf8912a3ade0d0,process,12ch-4band-lr48,steady,512,4,16774267,
pass-b,current-legacy,79c3b6fbd830ab692d73e82e4b883b5d3bd49f8e13084ba2addf8912a3ade0d0,process,12ch-4band-lr48,steady,512,5,16829070,
pass-b,current-legacy,79c3b6fbd830ab692d73e82e4b883b5d3bd49f8e13084ba2addf8912a3ade0d0,process,12ch-4band-lr48,steady,512,6,16812519,
pass-b,current-legacy,79c3b6fbd830ab692d73e82e4b883b5d3bd49f8e13084ba2addf8912a3ade0d0,process,12ch-4band-lr48,steady,512,7,16834000,
pass-b,current-legacy,79c3b6fbd830ab692d73e82e4b883b5d3bd49f8e13084ba2addf8912a3ade0d0,process,12ch-4band-lr48,steady,512,8,16824151,
pass-b,current-legacy,79c3b6fbd830ab692d73e82e4b883b5d3bd49f8e13084ba2addf8912a3ade0d0,process,12ch-4band-lr48,automation,512,0,17391736,
pass-b,current-legacy,79c3b6fbd830ab692d73e82e4b883b5d3bd49f8e13084ba2addf8912a3ade0d0,process,12ch-4band-lr48,automation,512,1,17252752,
pass-b,current-legacy,79c3b6fbd830ab692d73e82e4b883b5d3bd49f8e13084ba2addf8912a3ade0d0,process,12ch-4band-lr48,automation,512,2,17327183,
pass-b,current-legacy,79c3b6fbd830ab692d73e82e4b883b5d3bd49f8e13084ba2addf8912a3ade0d0,process,12ch-4band-lr48,automation,512,3,17266259,
pass-b,current-legacy,79c3b6fbd830ab692d73e82e4b883b5d3bd49f8e13084ba2addf8912a3ade0d0,process,12ch-4band-lr48,automation,512,4,17346751,
pass-b,current-legacy,79c3b6fbd830ab692d73e82e4b883b5d3bd49f8e13084ba2addf8912a3ade0d0,process,12ch-4band-lr48,automation,512,5,17269684,
pass-b,current-legacy,79c3b6fbd830ab692d73e82e4b883b5d3bd49f8e13084ba2addf8912a3ade0d0,process,12ch-4band-lr48,automation,512,6,17285154,
pass-b,current-legacy,79c3b6fbd830ab692d73e82e4b883b5d3bd49f8e13084ba2addf8912a3ade0d0,process,12ch-4band-lr48,automation,512,7,17259606,
pass-b,current-legacy,79c3b6fbd830ab692d73e82e4b883b5d3bd49f8e13084ba2addf8912a3ade0d0,process,12ch-4band-lr48,automation,512,8,17319269,
pass-b,current-legacy,79c3b6fbd830ab692d73e82e4b883b5d3bd49f8e13084ba2addf8912a3ade0d0,process,12ch-4band-lr48,steady,2048,0,16945110,
pass-b,current-legacy,79c3b6fbd830ab692d73e82e4b883b5d3bd49f8e13084ba2addf8912a3ade0d0,process,12ch-4band-lr48,steady,2048,1,16972923,
pass-b,current-legacy,79c3b6fbd830ab692d73e82e4b883b5d3bd49f8e13084ba2addf8912a3ade0d0,process,12ch-4band-lr48,steady,2048,2,16954218,
pass-b,current-legacy,79c3b6fbd830ab692d73e82e4b883b5d3bd49f8e13084ba2addf8912a3ade0d0,process,12ch-4band-lr48,steady,2048,3,16921155,
pass-b,current-legacy,79c3b6fbd830ab692d73e82e4b883b5d3bd49f8e13084ba2addf8912a3ade0d0,process,12ch-4band-lr48,steady,2048,4,16938738,
pass-b,current-legacy,79c3b6fbd830ab692d73e82e4b883b5d3bd49f8e13084ba2addf8912a3ade0d0,process,12ch-4band-lr48,steady,2048,5,16967262,
pass-b,current-legacy,79c3b6fbd830ab692d73e82e4b883b5d3bd49f8e13084ba2addf8912a3ade0d0,process,12ch-4band-lr48,steady,2048,6,16955009,
pass-b,current-legacy,79c3b6fbd830ab692d73e82e4b883b5d3bd49f8e13084ba2addf8912a3ade0d0,process,12ch-4band-lr48,steady,2048,7,16953296,
pass-b,current-legacy,79c3b6fbd830ab692d73e82e4b883b5d3bd49f8e13084ba2addf8912a3ade0d0,process,12ch-4band-lr48,steady,2048,8,16961392,
pass-b,current-legacy,79c3b6fbd830ab692d73e82e4b883b5d3bd49f8e13084ba2addf8912a3ade0d0,process,12ch-4band-lr48,automation,2048,0,17446179,
pass-b,current-legacy,79c3b6fbd830ab692d73e82e4b883b5d3bd49f8e13084ba2addf8912a3ade0d0,process,12ch-4band-lr48,automation,2048,1,17479301,
pass-b,current-legacy,79c3b6fbd830ab692d73e82e4b883b5d3bd49f8e13084ba2addf8912a3ade0d0,process,12ch-4band-lr48,automation,2048,2,17472970,
pass-b,current-legacy,79c3b6fbd830ab692d73e82e4b883b5d3bd49f8e13084ba2addf8912a3ade0d0,process,12ch-4band-lr48,automation,2048,3,17480734,
pass-b,current-legacy,79c3b6fbd830ab692d73e82e4b883b5d3bd49f8e13084ba2addf8912a3ade0d0,process,12ch-4band-lr48,automation,2048,4,17430509,
pass-b,current-legacy,79c3b6fbd830ab692d73e82e4b883b5d3bd49f8e13084ba2addf8912a3ade0d0,process,12ch-4band-lr48,automation,2048,5,17457971,
pass-b,current-legacy,79c3b6fbd830ab692d73e82e4b883b5d3bd49f8e13084ba2addf8912a3ade0d0,process,12ch-4band-lr48,automation,2048,6,17431030,
pass-b,current-legacy,79c3b6fbd830ab692d73e82e4b883b5d3bd49f8e13084ba2addf8912a3ade0d0,process,12ch-4band-lr48,automation,2048,7,17423306,
pass-b,current-legacy,79c3b6fbd830ab692d73e82e4b883b5d3bd49f8e13084ba2addf8912a3ade0d0,process,12ch-4band-lr48,automation,2048,8,17321153,
pass-b,recovered-legacy,c4be932d4b5463518d374a0ff74d43f2d4382936e8d8231ffdc9d5fe53bbfb38,setup,stereo-2band-lr24,,,0,,5215
pass-b,recovered-legacy,c4be932d4b5463518d374a0ff74d43f2d4382936e8d8231ffdc9d5fe53bbfb38,setup,stereo-2band-lr24,,,1,,2448
pass-b,recovered-legacy,c4be932d4b5463518d374a0ff74d43f2d4382936e8d8231ffdc9d5fe53bbfb38,setup,stereo-2band-lr24,,,2,,2086
pass-b,recovered-legacy,c4be932d4b5463518d374a0ff74d43f2d4382936e8d8231ffdc9d5fe53bbfb38,setup,stereo-2band-lr24,,,3,,2754
pass-b,recovered-legacy,c4be932d4b5463518d374a0ff74d43f2d4382936e8d8231ffdc9d5fe53bbfb38,setup,stereo-2band-lr24,,,4,,2072
pass-b,recovered-legacy,c4be932d4b5463518d374a0ff74d43f2d4382936e8d8231ffdc9d5fe53bbfb38,setup,stereo-2band-lr24,,,5,,1406
pass-b,recovered-legacy,c4be932d4b5463518d374a0ff74d43f2d4382936e8d8231ffdc9d5fe53bbfb38,setup,stereo-2band-lr24,,,6,,1355
pass-b,recovered-legacy,c4be932d4b5463518d374a0ff74d43f2d4382936e8d8231ffdc9d5fe53bbfb38,setup,stereo-2band-lr24,,,7,,1360
pass-b,recovered-legacy,c4be932d4b5463518d374a0ff74d43f2d4382936e8d8231ffdc9d5fe53bbfb38,setup,stereo-2band-lr24,,,8,,1358
pass-b,recovered-legacy,c4be932d4b5463518d374a0ff74d43f2d4382936e8d8231ffdc9d5fe53bbfb38,process,stereo-2band-lr24,steady,32,0,1307725,
pass-b,recovered-legacy,c4be932d4b5463518d374a0ff74d43f2d4382936e8d8231ffdc9d5fe53bbfb38,process,stereo-2band-lr24,steady,32,1,1303658,
pass-b,recovered-legacy,c4be932d4b5463518d374a0ff74d43f2d4382936e8d8231ffdc9d5fe53bbfb38,process,stereo-2band-lr24,steady,32,2,1084573,
pass-b,recovered-legacy,c4be932d4b5463518d374a0ff74d43f2d4382936e8d8231ffdc9d5fe53bbfb38,process,stereo-2band-lr24,steady,32,3,1118467,
pass-b,recovered-legacy,c4be932d4b5463518d374a0ff74d43f2d4382936e8d8231ffdc9d5fe53bbfb38,process,stereo-2band-lr24,steady,32,4,1083001,
pass-b,recovered-legacy,c4be932d4b5463518d374a0ff74d43f2d4382936e8d8231ffdc9d5fe53bbfb38,process,stereo-2band-lr24,steady,32,5,1089021,
pass-b,recovered-legacy,c4be932d4b5463518d374a0ff74d43f2d4382936e8d8231ffdc9d5fe53bbfb38,process,stereo-2band-lr24,steady,32,6,1081959,
pass-b,recovered-legacy,c4be932d4b5463518d374a0ff74d43f2d4382936e8d8231ffdc9d5fe53bbfb38,process,stereo-2band-lr24,steady,32,7,1092468,
pass-b,recovered-legacy,c4be932d4b5463518d374a0ff74d43f2d4382936e8d8231ffdc9d5fe53bbfb38,process,stereo-2band-lr24,steady,32,8,1083812,
pass-b,recovered-legacy,c4be932d4b5463518d374a0ff74d43f2d4382936e8d8231ffdc9d5fe53bbfb38,process,stereo-2band-lr24,automation,32,0,1166599,
pass-b,recovered-legacy,c4be932d4b5463518d374a0ff74d43f2d4382936e8d8231ffdc9d5fe53bbfb38,process,stereo-2band-lr24,automation,32,1,1150067,
pass-b,recovered-legacy,c4be932d4b5463518d374a0ff74d43f2d4382936e8d8231ffdc9d5fe53bbfb38,process,stereo-2band-lr24,automation,32,2,1173842,
pass-b,recovered-legacy,c4be932d4b5463518d374a0ff74d43f2d4382936e8d8231ffdc9d5fe53bbfb38,process,stereo-2band-lr24,automation,32,3,1155999,
pass-b,recovered-legacy,c4be932d4b5463518d374a0ff74d43f2d4382936e8d8231ffdc9d5fe53bbfb38,process,stereo-2band-lr24,automation,32,4,1173432,
pass-b,recovered-legacy,c4be932d4b5463518d374a0ff74d43f2d4382936e8d8231ffdc9d5fe53bbfb38,process,stereo-2band-lr24,automation,32,5,1159204,
pass-b,recovered-legacy,c4be932d4b5463518d374a0ff74d43f2d4382936e8d8231ffdc9d5fe53bbfb38,process,stereo-2band-lr24,automation,32,6,1174804,
pass-b,recovered-legacy,c4be932d4b5463518d374a0ff74d43f2d4382936e8d8231ffdc9d5fe53bbfb38,process,stereo-2band-lr24,automation,32,7,1161899,
pass-b,recovered-legacy,c4be932d4b5463518d374a0ff74d43f2d4382936e8d8231ffdc9d5fe53bbfb38,process,stereo-2band-lr24,automation,32,8,1172219,
pass-b,recovered-legacy,c4be932d4b5463518d374a0ff74d43f2d4382936e8d8231ffdc9d5fe53bbfb38,process,stereo-2band-lr24,steady,512,0,1068072,
pass-b,recovered-legacy,c4be932d4b5463518d374a0ff74d43f2d4382936e8d8231ffdc9d5fe53bbfb38,process,stereo-2band-lr24,steady,512,1,1101205,
pass-b,recovered-legacy,c4be932d4b5463518d374a0ff74d43f2d4382936e8d8231ffdc9d5fe53bbfb38,process,stereo-2band-lr24,steady,512,2,1069946,
pass-b,recovered-legacy,c4be932d4b5463518d374a0ff74d43f2d4382936e8d8231ffdc9d5fe53bbfb38,process,stereo-2band-lr24,steady,512,3,1087749,
pass-b,recovered-legacy,c4be932d4b5463518d374a0ff74d43f2d4382936e8d8231ffdc9d5fe53bbfb38,process,stereo-2band-lr24,steady,512,4,1067451,
pass-b,recovered-legacy,c4be932d4b5463518d374a0ff74d43f2d4382936e8d8231ffdc9d5fe53bbfb38,process,stereo-2band-lr24,steady,512,5,1077289,
pass-b,recovered-legacy,c4be932d4b5463518d374a0ff74d43f2d4382936e8d8231ffdc9d5fe53bbfb38,process,stereo-2band-lr24,steady,512,6,1069655,
pass-b,recovered-legacy,c4be932d4b5463518d374a0ff74d43f2d4382936e8d8231ffdc9d5fe53bbfb38,process,stereo-2band-lr24,steady,512,7,1075967,
pass-b,recovered-legacy,c4be932d4b5463518d374a0ff74d43f2d4382936e8d8231ffdc9d5fe53bbfb38,process,stereo-2band-lr24,steady,512,8,1058624,
pass-b,recovered-legacy,c4be932d4b5463518d374a0ff74d43f2d4382936e8d8231ffdc9d5fe53bbfb38,process,stereo-2band-lr24,automation,512,0,1154977,
pass-b,recovered-legacy,c4be932d4b5463518d374a0ff74d43f2d4382936e8d8231ffdc9d5fe53bbfb38,process,stereo-2band-lr24,automation,512,1,1138856,
pass-b,recovered-legacy,c4be932d4b5463518d374a0ff74d43f2d4382936e8d8231ffdc9d5fe53bbfb38,process,stereo-2band-lr24,automation,512,2,1157712,
pass-b,recovered-legacy,c4be932d4b5463518d374a0ff74d43f2d4382936e8d8231ffdc9d5fe53bbfb38,process,stereo-2band-lr24,automation,512,3,1128838,
pass-b,recovered-legacy,c4be932d4b5463518d374a0ff74d43f2d4382936e8d8231ffdc9d5fe53bbfb38,process,stereo-2band-lr24,automation,512,4,1153985,
pass-b,recovered-legacy,c4be932d4b5463518d374a0ff74d43f2d4382936e8d8231ffdc9d5fe53bbfb38,process,stereo-2band-lr24,automation,512,5,1139277,
pass-b,recovered-legacy,c4be932d4b5463518d374a0ff74d43f2d4382936e8d8231ffdc9d5fe53bbfb38,process,stereo-2band-lr24,automation,512,6,1153063,
pass-b,recovered-legacy,c4be932d4b5463518d374a0ff74d43f2d4382936e8d8231ffdc9d5fe53bbfb38,process,stereo-2band-lr24,automation,512,7,1133436,
pass-b,recovered-legacy,c4be932d4b5463518d374a0ff74d43f2d4382936e8d8231ffdc9d5fe53bbfb38,process,stereo-2band-lr24,automation,512,8,1147974,
pass-b,recovered-legacy,c4be932d4b5463518d374a0ff74d43f2d4382936e8d8231ffdc9d5fe53bbfb38,process,stereo-2band-lr24,steady,2048,0,1071789,
pass-b,recovered-legacy,c4be932d4b5463518d374a0ff74d43f2d4382936e8d8231ffdc9d5fe53bbfb38,process,stereo-2band-lr24,steady,2048,1,1082029,
pass-b,recovered-legacy,c4be932d4b5463518d374a0ff74d43f2d4382936e8d8231ffdc9d5fe53bbfb38,process,stereo-2band-lr24,steady,2048,2,1067080,
pass-b,recovered-legacy,c4be932d4b5463518d374a0ff74d43f2d4382936e8d8231ffdc9d5fe53bbfb38,process,stereo-2band-lr24,steady,2048,3,1079473,
pass-b,recovered-legacy,c4be932d4b5463518d374a0ff74d43f2d4382936e8d8231ffdc9d5fe53bbfb38,process,stereo-2band-lr24,steady,2048,4,1071499,
pass-b,recovered-legacy,c4be932d4b5463518d374a0ff74d43f2d4382936e8d8231ffdc9d5fe53bbfb38,process,stereo-2band-lr24,steady,2048,5,1079814,
pass-b,recovered-legacy,c4be932d4b5463518d374a0ff74d43f2d4382936e8d8231ffdc9d5fe53bbfb38,process,stereo-2band-lr24,steady,2048,6,1072871,
pass-b,recovered-legacy,c4be932d4b5463518d374a0ff74d43f2d4382936e8d8231ffdc9d5fe53bbfb38,process,stereo-2band-lr24,steady,2048,7,1087508,
pass-b,recovered-legacy,c4be932d4b5463518d374a0ff74d43f2d4382936e8d8231ffdc9d5fe53bbfb38,process,stereo-2band-lr24,steady,2048,8,1069675,
pass-b,recovered-legacy,c4be932d4b5463518d374a0ff74d43f2d4382936e8d8231ffdc9d5fe53bbfb38,process,stereo-2band-lr24,automation,2048,0,1158794,
pass-b,recovered-legacy,c4be932d4b5463518d374a0ff74d43f2d4382936e8d8231ffdc9d5fe53bbfb38,process,stereo-2band-lr24,automation,2048,1,1134317,
pass-b,recovered-legacy,c4be932d4b5463518d374a0ff74d43f2d4382936e8d8231ffdc9d5fe53bbfb38,process,stereo-2band-lr24,automation,2048,2,1152311,
pass-b,recovered-legacy,c4be932d4b5463518d374a0ff74d43f2d4382936e8d8231ffdc9d5fe53bbfb38,process,stereo-2band-lr24,automation,2048,3,1138375,
pass-b,recovered-legacy,c4be932d4b5463518d374a0ff74d43f2d4382936e8d8231ffdc9d5fe53bbfb38,process,stereo-2band-lr24,automation,2048,4,1148714,
pass-b,recovered-legacy,c4be932d4b5463518d374a0ff74d43f2d4382936e8d8231ffdc9d5fe53bbfb38,process,stereo-2band-lr24,automation,2048,5,1136802,
pass-b,recovered-legacy,c4be932d4b5463518d374a0ff74d43f2d4382936e8d8231ffdc9d5fe53bbfb38,process,stereo-2band-lr24,automation,2048,6,1145028,
pass-b,recovered-legacy,c4be932d4b5463518d374a0ff74d43f2d4382936e8d8231ffdc9d5fe53bbfb38,process,stereo-2band-lr24,automation,2048,7,1131702,
pass-b,recovered-legacy,c4be932d4b5463518d374a0ff74d43f2d4382936e8d8231ffdc9d5fe53bbfb38,process,stereo-2band-lr24,automation,2048,8,1152953,
pass-b,recovered-legacy,c4be932d4b5463518d374a0ff74d43f2d4382936e8d8231ffdc9d5fe53bbfb38,setup,stereo-4band-lr24,,,0,,3541
pass-b,recovered-legacy,c4be932d4b5463518d374a0ff74d43f2d4382936e8d8231ffdc9d5fe53bbfb38,setup,stereo-4band-lr24,,,1,,3506
pass-b,recovered-legacy,c4be932d4b5463518d374a0ff74d43f2d4382936e8d8231ffdc9d5fe53bbfb38,setup,stereo-4band-lr24,,,2,,3536
pass-b,recovered-legacy,c4be932d4b5463518d374a0ff74d43f2d4382936e8d8231ffdc9d5fe53bbfb38,setup,stereo-4band-lr24,,,3,,3481
pass-b,recovered-legacy,c4be932d4b5463518d374a0ff74d43f2d4382936e8d8231ffdc9d5fe53bbfb38,setup,stereo-4band-lr24,,,4,,3467
pass-b,recovered-legacy,c4be932d4b5463518d374a0ff74d43f2d4382936e8d8231ffdc9d5fe53bbfb38,setup,stereo-4band-lr24,,,5,,3560
pass-b,recovered-legacy,c4be932d4b5463518d374a0ff74d43f2d4382936e8d8231ffdc9d5fe53bbfb38,setup,stereo-4band-lr24,,,6,,3471
pass-b,recovered-legacy,c4be932d4b5463518d374a0ff74d43f2d4382936e8d8231ffdc9d5fe53bbfb38,setup,stereo-4band-lr24,,,7,,3472
pass-b,recovered-legacy,c4be932d4b5463518d374a0ff74d43f2d4382936e8d8231ffdc9d5fe53bbfb38,setup,stereo-4band-lr24,,,8,,3468
pass-b,recovered-legacy,c4be932d4b5463518d374a0ff74d43f2d4382936e8d8231ffdc9d5fe53bbfb38,process,stereo-4band-lr24,steady,32,0,2916522,
pass-b,recovered-legacy,c4be932d4b5463518d374a0ff74d43f2d4382936e8d8231ffdc9d5fe53bbfb38,process,stereo-4band-lr24,steady,32,1,2945085,
pass-b,recovered-legacy,c4be932d4b5463518d374a0ff74d43f2d4382936e8d8231ffdc9d5fe53bbfb38,process,stereo-4band-lr24,steady,32,2,2503199,
pass-b,recovered-legacy,c4be932d4b5463518d374a0ff74d43f2d4382936e8d8231ffdc9d5fe53bbfb38,process,stereo-4band-lr24,steady,32,3,2544207,
pass-b,recovered-legacy,c4be932d4b5463518d374a0ff74d43f2d4382936e8d8231ffdc9d5fe53bbfb38,process,stereo-4band-lr24,steady,32,4,2498470,
pass-b,recovered-legacy,c4be932d4b5463518d374a0ff74d43f2d4382936e8d8231ffdc9d5fe53bbfb38,process,stereo-4band-lr24,steady,32,5,2546481,
pass-b,recovered-legacy,c4be932d4b5463518d374a0ff74d43f2d4382936e8d8231ffdc9d5fe53bbfb38,process,stereo-4band-lr24,steady,32,6,2474224,
pass-b,recovered-legacy,c4be932d4b5463518d374a0ff74d43f2d4382936e8d8231ffdc9d5fe53bbfb38,process,stereo-4band-lr24,steady,32,7,2562802,
pass-b,recovered-legacy,c4be932d4b5463518d374a0ff74d43f2d4382936e8d8231ffdc9d5fe53bbfb38,process,stereo-4band-lr24,steady,32,8,2488250,
pass-b,recovered-legacy,c4be932d4b5463518d374a0ff74d43f2d4382936e8d8231ffdc9d5fe53bbfb38,process,stereo-4band-lr24,automation,32,0,2624940,
pass-b,recovered-legacy,c4be932d4b5463518d374a0ff74d43f2d4382936e8d8231ffdc9d5fe53bbfb38,process,stereo-4band-lr24,automation,32,1,2542033,
pass-b,recovered-legacy,c4be932d4b5463518d374a0ff74d43f2d4382936e8d8231ffdc9d5fe53bbfb38,process,stereo-4band-lr24,automation,32,2,2617144,
pass-b,recovered-legacy,c4be932d4b5463518d374a0ff74d43f2d4382936e8d8231ffdc9d5fe53bbfb38,process,stereo-4band-lr24,automation,32,3,2575556,
pass-b,recovered-legacy,c4be932d4b5463518d374a0ff74d43f2d4382936e8d8231ffdc9d5fe53bbfb38,process,stereo-4band-lr24,automation,32,4,2608739,
pass-b,recovered-legacy,c4be932d4b5463518d374a0ff74d43f2d4382936e8d8231ffdc9d5fe53bbfb38,process,stereo-4band-lr24,automation,32,5,2556600,
pass-b,recovered-legacy,c4be932d4b5463518d374a0ff74d43f2d4382936e8d8231ffdc9d5fe53bbfb38,process,stereo-4band-lr24,automation,32,6,2618968,
pass-b,recovered-legacy,c4be932d4b5463518d374a0ff74d43f2d4382936e8d8231ffdc9d5fe53bbfb38,process,stereo-4band-lr24,automation,32,7,2552963,
pass-b,recovered-legacy,c4be932d4b5463518d374a0ff74d43f2d4382936e8d8231ffdc9d5fe53bbfb38,process,stereo-4band-lr24,automation,32,8,2601515,
pass-b,recovered-legacy,c4be932d4b5463518d374a0ff74d43f2d4382936e8d8231ffdc9d5fe53bbfb38,process,stereo-4band-lr24,steady,512,0,2456330,
pass-b,recovered-legacy,c4be932d4b5463518d374a0ff74d43f2d4382936e8d8231ffdc9d5fe53bbfb38,process,stereo-4band-lr24,steady,512,1,2536402,
pass-b,recovered-legacy,c4be932d4b5463518d374a0ff74d43f2d4382936e8d8231ffdc9d5fe53bbfb38,process,stereo-4band-lr24,steady,512,2,2462823,
pass-b,recovered-legacy,c4be932d4b5463518d374a0ff74d43f2d4382936e8d8231ffdc9d5fe53bbfb38,process,stereo-4band-lr24,steady,512,3,2524961,
pass-b,recovered-legacy,c4be932d4b5463518d374a0ff74d43f2d4382936e8d8231ffdc9d5fe53bbfb38,process,stereo-4band-lr24,steady,512,4,2451370,
pass-b,recovered-legacy,c4be932d4b5463518d374a0ff74d43f2d4382936e8d8231ffdc9d5fe53bbfb38,process,stereo-4band-lr24,steady,512,5,2535370,
pass-b,recovered-legacy,c4be932d4b5463518d374a0ff74d43f2d4382936e8d8231ffdc9d5fe53bbfb38,process,stereo-4band-lr24,steady,512,6,2485536,
pass-b,recovered-legacy,c4be932d4b5463518d374a0ff74d43f2d4382936e8d8231ffdc9d5fe53bbfb38,process,stereo-4band-lr24,steady,512,7,2563323,
pass-b,recovered-legacy,c4be932d4b5463518d374a0ff74d43f2d4382936e8d8231ffdc9d5fe53bbfb38,process,stereo-4band-lr24,steady,512,8,2486167,
pass-b,recovered-legacy,c4be932d4b5463518d374a0ff74d43f2d4382936e8d8231ffdc9d5fe53bbfb38,process,stereo-4band-lr24,automation,512,0,2586577,
pass-b,recovered-legacy,c4be932d4b5463518d374a0ff74d43f2d4382936e8d8231ffdc9d5fe53bbfb38,process,stereo-4band-lr24,automation,512,1,2533837,
pass-b,recovered-legacy,c4be932d4b5463518d374a0ff74d43f2d4382936e8d8231ffdc9d5fe53bbfb38,process,stereo-4band-lr24,automation,512,2,2587939,
pass-b,recovered-legacy,c4be932d4b5463518d374a0ff74d43f2d4382936e8d8231ffdc9d5fe53bbfb38,process,stereo-4band-lr24,automation,512,3,2519540,
pass-b,recovered-legacy,c4be932d4b5463518d374a0ff74d43f2d4382936e8d8231ffdc9d5fe53bbfb38,process,stereo-4band-lr24,automation,512,4,2584113,
pass-b,recovered-legacy,c4be932d4b5463518d374a0ff74d43f2d4382936e8d8231ffdc9d5fe53bbfb38,process,stereo-4band-lr24,automation,512,5,2521654,
pass-b,recovered-legacy,c4be932d4b5463518d374a0ff74d43f2d4382936e8d8231ffdc9d5fe53bbfb38,process,stereo-4band-lr24,automation,512,6,2590103,
pass-b,recovered-legacy,c4be932d4b5463518d374a0ff74d43f2d4382936e8d8231ffdc9d5fe53bbfb38,process,stereo-4band-lr24,automation,512,7,2521194,
pass-b,recovered-legacy,c4be932d4b5463518d374a0ff74d43f2d4382936e8d8231ffdc9d5fe53bbfb38,process,stereo-4band-lr24,automation,512,8,2597287,
pass-b,recovered-legacy,c4be932d4b5463518d374a0ff74d43f2d4382936e8d8231ffdc9d5fe53bbfb38,process,stereo-4band-lr24,steady,2048,0,2456330,
pass-b,recovered-legacy,c4be932d4b5463518d374a0ff74d43f2d4382936e8d8231ffdc9d5fe53bbfb38,process,stereo-4band-lr24,steady,2048,1,2517396,
pass-b,recovered-legacy,c4be932d4b5463518d374a0ff74d43f2d4382936e8d8231ffdc9d5fe53bbfb38,process,stereo-4band-lr24,steady,2048,2,2447414,
pass-b,recovered-legacy,c4be932d4b5463518d374a0ff74d43f2d4382936e8d8231ffdc9d5fe53bbfb38,process,stereo-4band-lr24,steady,2048,3,2538045,
pass-b,recovered-legacy,c4be932d4b5463518d374a0ff74d43f2d4382936e8d8231ffdc9d5fe53bbfb38,process,stereo-4band-lr24,steady,2048,4,2455228,
pass-b,recovered-legacy,c4be932d4b5463518d374a0ff74d43f2d4382936e8d8231ffdc9d5fe53bbfb38,process,stereo-4band-lr24,steady,2048,5,2531353,
pass-b,recovered-legacy,c4be932d4b5463518d374a0ff74d43f2d4382936e8d8231ffdc9d5fe53bbfb38,process,stereo-4band-lr24,steady,2048,6,2468122,
pass-b,recovered-legacy,c4be932d4b5463518d374a0ff74d43f2d4382936e8d8231ffdc9d5fe53bbfb38,process,stereo-4band-lr24,steady,2048,7,2529359,
pass-b,recovered-legacy,c4be932d4b5463518d374a0ff74d43f2d4382936e8d8231ffdc9d5fe53bbfb38,process,stereo-4band-lr24,steady,2048,8,2490264,
pass-b,recovered-legacy,c4be932d4b5463518d374a0ff74d43f2d4382936e8d8231ffdc9d5fe53bbfb38,process,stereo-4band-lr24,automation,2048,0,2593460,
pass-b,recovered-legacy,c4be932d4b5463518d374a0ff74d43f2d4382936e8d8231ffdc9d5fe53bbfb38,process,stereo-4band-lr24,automation,2048,1,2530010,
pass-b,recovered-legacy,c4be932d4b5463518d374a0ff74d43f2d4382936e8d8231ffdc9d5fe53bbfb38,process,stereo-4band-lr24,automation,2048,2,2593029,
pass-b,recovered-legacy,c4be932d4b5463518d374a0ff74d43f2d4382936e8d8231ffdc9d5fe53bbfb38,process,stereo-4band-lr24,automation,2048,3,2534077,
pass-b,recovered-legacy,c4be932d4b5463518d374a0ff74d43f2d4382936e8d8231ffdc9d5fe53bbfb38,process,stereo-4band-lr24,automation,2048,4,2598981,
pass-b,recovered-legacy,c4be932d4b5463518d374a0ff74d43f2d4382936e8d8231ffdc9d5fe53bbfb38,process,stereo-4band-lr24,automation,2048,5,2554206,
pass-b,recovered-legacy,c4be932d4b5463518d374a0ff74d43f2d4382936e8d8231ffdc9d5fe53bbfb38,process,stereo-4band-lr24,automation,2048,6,2594942,
pass-b,recovered-legacy,c4be932d4b5463518d374a0ff74d43f2d4382936e8d8231ffdc9d5fe53bbfb38,process,stereo-4band-lr24,automation,2048,7,2553253,
pass-b,recovered-legacy,c4be932d4b5463518d374a0ff74d43f2d4382936e8d8231ffdc9d5fe53bbfb38,process,stereo-4band-lr24,automation,2048,8,2621974,
pass-b,recovered-legacy,c4be932d4b5463518d374a0ff74d43f2d4382936e8d8231ffdc9d5fe53bbfb38,setup,stereo-2band-lr48,,,0,,1891
pass-b,recovered-legacy,c4be932d4b5463518d374a0ff74d43f2d4382936e8d8231ffdc9d5fe53bbfb38,setup,stereo-2band-lr48,,,1,,2018
pass-b,recovered-legacy,c4be932d4b5463518d374a0ff74d43f2d4382936e8d8231ffdc9d5fe53bbfb38,setup,stereo-2band-lr48,,,2,,1767
pass-b,recovered-legacy,c4be932d4b5463518d374a0ff74d43f2d4382936e8d8231ffdc9d5fe53bbfb38,setup,stereo-2band-lr48,,,3,,1870
pass-b,recovered-legacy,c4be932d4b5463518d374a0ff74d43f2d4382936e8d8231ffdc9d5fe53bbfb38,setup,stereo-2band-lr48,,,4,,1756
pass-b,recovered-legacy,c4be932d4b5463518d374a0ff74d43f2d4382936e8d8231ffdc9d5fe53bbfb38,setup,stereo-2band-lr48,,,5,,1864
pass-b,recovered-legacy,c4be932d4b5463518d374a0ff74d43f2d4382936e8d8231ffdc9d5fe53bbfb38,setup,stereo-2band-lr48,,,6,,1755
pass-b,recovered-legacy,c4be932d4b5463518d374a0ff74d43f2d4382936e8d8231ffdc9d5fe53bbfb38,setup,stereo-2band-lr48,,,7,,1757
pass-b,recovered-legacy,c4be932d4b5463518d374a0ff74d43f2d4382936e8d8231ffdc9d5fe53bbfb38,setup,stereo-2band-lr48,,,8,,1837
pass-b,recovered-legacy,c4be932d4b5463518d374a0ff74d43f2d4382936e8d8231ffdc9d5fe53bbfb38,process,stereo-2band-lr48,steady,32,0,1621419,
pass-b,recovered-legacy,c4be932d4b5463518d374a0ff74d43f2d4382936e8d8231ffdc9d5fe53bbfb38,process,stereo-2band-lr48,steady,32,1,1627030,
pass-b,recovered-legacy,c4be932d4b5463518d374a0ff74d43f2d4382936e8d8231ffdc9d5fe53bbfb38,process,stereo-2band-lr48,steady,32,2,1594489,
pass-b,recovered-legacy,c4be932d4b5463518d374a0ff74d43f2d4382936e8d8231ffdc9d5fe53bbfb38,process,stereo-2band-lr48,steady,32,3,1606341,
pass-b,recovered-legacy,c4be932d4b5463518d374a0ff74d43f2d4382936e8d8231ffdc9d5fe53bbfb38,process,stereo-2band-lr48,steady,32,4,1606431,
pass-b,recovered-legacy,c4be932d4b5463518d374a0ff74d43f2d4382936e8d8231ffdc9d5fe53bbfb38,process,stereo-2band-lr48,steady,32,5,1603296,
pass-b,recovered-legacy,c4be932d4b5463518d374a0ff74d43f2d4382936e8d8231ffdc9d5fe53bbfb38,process,stereo-2band-lr48,steady,32,6,1602113,
pass-b,recovered-legacy,c4be932d4b5463518d374a0ff74d43f2d4382936e8d8231ffdc9d5fe53bbfb38,process,stereo-2band-lr48,steady,32,7,1616521,
pass-b,recovered-legacy,c4be932d4b5463518d374a0ff74d43f2d4382936e8d8231ffdc9d5fe53bbfb38,process,stereo-2band-lr48,steady,32,8,1614486,
pass-b,recovered-legacy,c4be932d4b5463518d374a0ff74d43f2d4382936e8d8231ffdc9d5fe53bbfb38,process,stereo-2band-lr48,automation,32,0,1728332,
pass-b,recovered-legacy,c4be932d4b5463518d374a0ff74d43f2d4382936e8d8231ffdc9d5fe53bbfb38,process,stereo-2band-lr48,automation,32,1,1744021,
pass-b,recovered-legacy,c4be932d4b5463518d374a0ff74d43f2d4382936e8d8231ffdc9d5fe53bbfb38,process,stereo-2band-lr48,automation,32,2,1727070,
pass-b,recovered-legacy,c4be932d4b5463518d374a0ff74d43f2d4382936e8d8231ffdc9d5fe53bbfb38,process,stereo-2band-lr48,automation,32,3,1731749,
pass-b,recovered-legacy,c4be932d4b5463518d374a0ff74d43f2d4382936e8d8231ffdc9d5fe53bbfb38,process,stereo-2band-lr48,automation,32,4,1749552,
pass-b,recovered-legacy,c4be932d4b5463518d374a0ff74d43f2d4382936e8d8231ffdc9d5fe53bbfb38,process,stereo-2band-lr48,automation,32,5,1729694,
pass-b,recovered-legacy,c4be932d4b5463518d374a0ff74d43f2d4382936e8d8231ffdc9d5fe53bbfb38,process,stereo-2band-lr48,automation,32,6,1725577,
pass-b,recovered-legacy,c4be932d4b5463518d374a0ff74d43f2d4382936e8d8231ffdc9d5fe53bbfb38,process,stereo-2band-lr48,automation,32,7,1737660,
pass-b,recovered-legacy,c4be932d4b5463518d374a0ff74d43f2d4382936e8d8231ffdc9d5fe53bbfb38,process,stereo-2band-lr48,automation,32,8,1737961,
pass-b,recovered-legacy,c4be932d4b5463518d374a0ff74d43f2d4382936e8d8231ffdc9d5fe53bbfb38,process,stereo-2band-lr48,steady,512,0,1599638,
pass-b,recovered-legacy,c4be932d4b5463518d374a0ff74d43f2d4382936e8d8231ffdc9d5fe53bbfb38,process,stereo-2band-lr48,steady,512,1,1601852,
pass-b,recovered-legacy,c4be932d4b5463518d374a0ff74d43f2d4382936e8d8231ffdc9d5fe53bbfb38,process,stereo-2band-lr48,steady,512,2,1608205,
pass-b,recovered-legacy,c4be932d4b5463518d374a0ff74d43f2d4382936e8d8231ffdc9d5fe53bbfb38,process,stereo-2band-lr48,steady,512,3,1612984,
pass-b,recovered-legacy,c4be932d4b5463518d374a0ff74d43f2d4382936e8d8231ffdc9d5fe53bbfb38,process,stereo-2band-lr48,steady,512,4,1618284,
pass-b,recovered-legacy,c4be932d4b5463518d374a0ff74d43f2d4382936e8d8231ffdc9d5fe53bbfb38,process,stereo-2band-lr48,steady,512,5,1602294,
pass-b,recovered-legacy,c4be932d4b5463518d374a0ff74d43f2d4382936e8d8231ffdc9d5fe53bbfb38,process,stereo-2band-lr48,steady,512,6,1609357,
pass-b,recovered-legacy,c4be932d4b5463518d374a0ff74d43f2d4382936e8d8231ffdc9d5fe53bbfb38,process,stereo-2band-lr48,steady,512,7,1589960,
pass-b,recovered-legacy,c4be932d4b5463518d374a0ff74d43f2d4382936e8d8231ffdc9d5fe53bbfb38,process,stereo-2band-lr48,steady,512,8,1601973,
pass-b,recovered-legacy,c4be932d4b5463518d374a0ff74d43f2d4382936e8d8231ffdc9d5fe53bbfb38,process,stereo-2band-lr48,automation,512,0,1704768,
pass-b,recovered-legacy,c4be932d4b5463518d374a0ff74d43f2d4382936e8d8231ffdc9d5fe53bbfb38,process,stereo-2band-lr48,automation,512,1,1726980,
pass-b,recovered-legacy,c4be932d4b5463518d374a0ff74d43f2d4382936e8d8231ffdc9d5fe53bbfb38,process,stereo-2band-lr48,automation,512,2,1719154,
pass-b,recovered-legacy,c4be932d4b5463518d374a0ff74d43f2d4382936e8d8231ffdc9d5fe53bbfb38,process,stereo-2band-lr48,automation,512,3,1708455,
pass-b,recovered-legacy,c4be932d4b5463518d374a0ff74d43f2d4382936e8d8231ffdc9d5fe53bbfb38,process,stereo-2band-lr48,automation,512,4,1716009,
pass-b,recovered-legacy,c4be932d4b5463518d374a0ff74d43f2d4382936e8d8231ffdc9d5fe53bbfb38,process,stereo-2band-lr48,automation,512,5,1707382,
pass-b,recovered-legacy,c4be932d4b5463518d374a0ff74d43f2d4382936e8d8231ffdc9d5fe53bbfb38,process,stereo-2band-lr48,automation,512,6,1709747,
pass-b,recovered-legacy,c4be932d4b5463518d374a0ff74d43f2d4382936e8d8231ffdc9d5fe53bbfb38,process,stereo-2band-lr48,automation,512,7,1708324,
pass-b,recovered-legacy,c4be932d4b5463518d374a0ff74d43f2d4382936e8d8231ffdc9d5fe53bbfb38,process,stereo-2band-lr48,automation,512,8,1692494,
pass-b,recovered-legacy,c4be932d4b5463518d374a0ff74d43f2d4382936e8d8231ffdc9d5fe53bbfb38,process,stereo-2band-lr48,steady,2048,0,1600090,
pass-b,recovered-legacy,c4be932d4b5463518d374a0ff74d43f2d4382936e8d8231ffdc9d5fe53bbfb38,process,stereo-2band-lr48,steady,2048,1,1626048,
pass-b,recovered-legacy,c4be932d4b5463518d374a0ff74d43f2d4382936e8d8231ffdc9d5fe53bbfb38,process,stereo-2band-lr48,steady,2048,2,1619606,
pass-b,recovered-legacy,c4be932d4b5463518d374a0ff74d43f2d4382936e8d8231ffdc9d5fe53bbfb38,process,stereo-2band-lr48,steady,2048,3,1622111,
pass-b,recovered-legacy,c4be932d4b5463518d374a0ff74d43f2d4382936e8d8231ffdc9d5fe53bbfb38,process,stereo-2band-lr48,steady,2048,4,1616090,
pass-b,recovered-legacy,c4be932d4b5463518d374a0ff74d43f2d4382936e8d8231ffdc9d5fe53bbfb38,process,stereo-2band-lr48,steady,2048,5,1595451,
pass-b,recovered-legacy,c4be932d4b5463518d374a0ff74d43f2d4382936e8d8231ffdc9d5fe53bbfb38,process,stereo-2band-lr48,steady,2048,6,1583718,
pass-b,recovered-legacy,c4be932d4b5463518d374a0ff74d43f2d4382936e8d8231ffdc9d5fe53bbfb38,process,stereo-2band-lr48,steady,2048,7,1612332,
pass-b,recovered-legacy,c4be932d4b5463518d374a0ff74d43f2d4382936e8d8231ffdc9d5fe53bbfb38,process,stereo-2band-lr48,steady,2048,8,1612092,
pass-b,recovered-legacy,c4be932d4b5463518d374a0ff74d43f2d4382936e8d8231ffdc9d5fe53bbfb38,process,stereo-2band-lr48,automation,2048,0,1704707,
pass-b,recovered-legacy,c4be932d4b5463518d374a0ff74d43f2d4382936e8d8231ffdc9d5fe53bbfb38,process,stereo-2band-lr48,automation,2048,1,1713865,
pass-b,recovered-legacy,c4be932d4b5463518d374a0ff74d43f2d4382936e8d8231ffdc9d5fe53bbfb38,process,stereo-2band-lr48,automation,2048,2,1716560,
pass-b,recovered-legacy,c4be932d4b5463518d374a0ff74d43f2d4382936e8d8231ffdc9d5fe53bbfb38,process,stereo-2band-lr48,automation,2048,3,1712021,
pass-b,recovered-legacy,c4be932d4b5463518d374a0ff74d43f2d4382936e8d8231ffdc9d5fe53bbfb38,process,stereo-2band-lr48,automation,2048,4,1697143,
pass-b,recovered-legacy,c4be932d4b5463518d374a0ff74d43f2d4382936e8d8231ffdc9d5fe53bbfb38,process,stereo-2band-lr48,automation,2048,5,1708254,
pass-b,recovered-legacy,c4be932d4b5463518d374a0ff74d43f2d4382936e8d8231ffdc9d5fe53bbfb38,process,stereo-2band-lr48,automation,2048,6,1715919,
pass-b,recovered-legacy,c4be932d4b5463518d374a0ff74d43f2d4382936e8d8231ffdc9d5fe53bbfb38,process,stereo-2band-lr48,automation,2048,7,1712372,
pass-b,recovered-legacy,c4be932d4b5463518d374a0ff74d43f2d4382936e8d8231ffdc9d5fe53bbfb38,process,stereo-2band-lr48,automation,2048,8,1707282,
pass-b,recovered-legacy,c4be932d4b5463518d374a0ff74d43f2d4382936e8d8231ffdc9d5fe53bbfb38,setup,stereo-4band-lr48,,,0,,4673
pass-b,recovered-legacy,c4be932d4b5463518d374a0ff74d43f2d4382936e8d8231ffdc9d5fe53bbfb38,setup,stereo-4band-lr48,,,1,,4636
pass-b,recovered-legacy,c4be932d4b5463518d374a0ff74d43f2d4382936e8d8231ffdc9d5fe53bbfb38,setup,stereo-4band-lr48,,,2,,4617
pass-b,recovered-legacy,c4be932d4b5463518d374a0ff74d43f2d4382936e8d8231ffdc9d5fe53bbfb38,setup,stereo-4band-lr48,,,3,,4645
pass-b,recovered-legacy,c4be932d4b5463518d374a0ff74d43f2d4382936e8d8231ffdc9d5fe53bbfb38,setup,stereo-4band-lr48,,,4,,4699
pass-b,recovered-legacy,c4be932d4b5463518d374a0ff74d43f2d4382936e8d8231ffdc9d5fe53bbfb38,setup,stereo-4band-lr48,,,5,,4684
pass-b,recovered-legacy,c4be932d4b5463518d374a0ff74d43f2d4382936e8d8231ffdc9d5fe53bbfb38,setup,stereo-4band-lr48,,,6,,4597
pass-b,recovered-legacy,c4be932d4b5463518d374a0ff74d43f2d4382936e8d8231ffdc9d5fe53bbfb38,setup,stereo-4band-lr48,,,7,,4694
pass-b,recovered-legacy,c4be932d4b5463518d374a0ff74d43f2d4382936e8d8231ffdc9d5fe53bbfb38,setup,stereo-4band-lr48,,,8,,4625
pass-b,recovered-legacy,c4be932d4b5463518d374a0ff74d43f2d4382936e8d8231ffdc9d5fe53bbfb38,process,stereo-4band-lr48,steady,32,0,4329196,
pass-b,recovered-legacy,c4be932d4b5463518d374a0ff74d43f2d4382936e8d8231ffdc9d5fe53bbfb38,process,stereo-4band-lr48,steady,32,1,4316392,
pass-b,recovered-legacy,c4be932d4b5463518d374a0ff74d43f2d4382936e8d8231ffdc9d5fe53bbfb38,process,stereo-4band-lr48,steady,32,2,4535677,
pass-b,recovered-legacy,c4be932d4b5463518d374a0ff74d43f2d4382936e8d8231ffdc9d5fe53bbfb38,process,stereo-4band-lr48,steady,32,3,4335217,
pass-b,recovered-legacy,c4be932d4b5463518d374a0ff74d43f2d4382936e8d8231ffdc9d5fe53bbfb38,process,stereo-4band-lr48,steady,32,4,4352890,
pass-b,recovered-legacy,c4be932d4b5463518d374a0ff74d43f2d4382936e8d8231ffdc9d5fe53bbfb38,process,stereo-4band-lr48,steady,32,5,4344946,
pass-b,recovered-legacy,c4be932d4b5463518d374a0ff74d43f2d4382936e8d8231ffdc9d5fe53bbfb38,process,stereo-4band-lr48,steady,32,6,4358872,
pass-b,recovered-legacy,c4be932d4b5463518d374a0ff74d43f2d4382936e8d8231ffdc9d5fe53bbfb38,process,stereo-4band-lr48,steady,32,7,4555654,
pass-b,recovered-legacy,c4be932d4b5463518d374a0ff74d43f2d4382936e8d8231ffdc9d5fe53bbfb38,process,stereo-4band-lr48,steady,32,8,4343213,
pass-b,recovered-legacy,c4be932d4b5463518d374a0ff74d43f2d4382936e8d8231ffdc9d5fe53bbfb38,process,stereo-4band-lr48,automation,32,0,4437982,
pass-b,recovered-legacy,c4be932d4b5463518d374a0ff74d43f2d4382936e8d8231ffdc9d5fe53bbfb38,process,stereo-4band-lr48,automation,32,1,4426270,
pass-b,recovered-legacy,c4be932d4b5463518d374a0ff74d43f2d4382936e8d8231ffdc9d5fe53bbfb38,process,stereo-4band-lr48,automation,32,2,4394380,
pass-b,recovered-legacy,c4be932d4b5463518d374a0ff74d43f2d4382936e8d8231ffdc9d5fe53bbfb38,process,stereo-4band-lr48,automation,32,3,4427462,
pass-b,recovered-legacy,c4be932d4b5463518d374a0ff74d43f2d4382936e8d8231ffdc9d5fe53bbfb38,process,stereo-4band-lr48,automation,32,4,4374241,
pass-b,recovered-legacy,c4be932d4b5463518d374a0ff74d43f2d4382936e8d8231ffdc9d5fe53bbfb38,process,stereo-4band-lr48,automation,32,5,4402645,
pass-b,recovered-legacy,c4be932d4b5463518d374a0ff74d43f2d4382936e8d8231ffdc9d5fe53bbfb38,process,stereo-4band-lr48,automation,32,6,4419807,
pass-b,recovered-legacy,c4be932d4b5463518d374a0ff74d43f2d4382936e8d8231ffdc9d5fe53bbfb38,process,stereo-4band-lr48,automation,32,7,4600239,
pass-b,recovered-legacy,c4be932d4b5463518d374a0ff74d43f2d4382936e8d8231ffdc9d5fe53bbfb38,process,stereo-4band-lr48,automation,32,8,4398227,
pass-b,recovered-legacy,c4be932d4b5463518d374a0ff74d43f2d4382936e8d8231ffdc9d5fe53bbfb38,process,stereo-4band-lr48,steady,512,0,4321722,
pass-b,recovered-legacy,c4be932d4b5463518d374a0ff74d43f2d4382936e8d8231ffdc9d5fe53bbfb38,process,stereo-4band-lr48,steady,512,1,4318565,
pass-b,recovered-legacy,c4be932d4b5463518d374a0ff74d43f2d4382936e8d8231ffdc9d5fe53bbfb38,process,stereo-4band-lr48,steady,512,2,4313116,
pass-b,recovered-legacy,c4be932d4b5463518d374a0ff74d43f2d4382936e8d8231ffdc9d5fe53bbfb38,process,stereo-4band-lr48,steady,512,3,4490331,
pass-b,recovered-legacy,c4be932d4b5463518d374a0ff74d43f2d4382936e8d8231ffdc9d5fe53bbfb38,process,stereo-4band-lr48,steady,512,4,4320329,
pass-b,recovered-legacy,c4be932d4b5463518d374a0ff74d43f2d4382936e8d8231ffdc9d5fe53bbfb38,process,stereo-4band-lr48,steady,512,5,4282808,
pass-b,recovered-legacy,c4be932d4b5463518d374a0ff74d43f2d4382936e8d8231ffdc9d5fe53bbfb38,process,stereo-4band-lr48,steady,512,6,4283710,
pass-b,recovered-legacy,c4be932d4b5463518d374a0ff74d43f2d4382936e8d8231ffdc9d5fe53bbfb38,process,stereo-4band-lr48,steady,512,7,4311513,
pass-b,recovered-legacy,c4be932d4b5463518d374a0ff74d43f2d4382936e8d8231ffdc9d5fe53bbfb38,process,stereo-4band-lr48,steady,512,8,4292807,
pass-b,recovered-legacy,c4be932d4b5463518d374a0ff74d43f2d4382936e8d8231ffdc9d5fe53bbfb38,process,stereo-4band-lr48,automation,512,0,4411472,
pass-b,recovered-legacy,c4be932d4b5463518d374a0ff74d43f2d4382936e8d8231ffdc9d5fe53bbfb38,process,stereo-4band-lr48,automation,512,1,4414287,
pass-b,recovered-legacy,c4be932d4b5463518d374a0ff74d43f2d4382936e8d8231ffdc9d5fe53bbfb38,process,stereo-4band-lr48,automation,512,2,4417433,
pass-b,recovered-legacy,c4be932d4b5463518d374a0ff74d43f2d4382936e8d8231ffdc9d5fe53bbfb38,process,stereo-4band-lr48,automation,512,3,4408456,
pass-b,recovered-legacy,c4be932d4b5463518d374a0ff74d43f2d4382936e8d8231ffdc9d5fe53bbfb38,process,stereo-4band-lr48,automation,512,4,4433103,
pass-b,recovered-legacy,c4be932d4b5463518d374a0ff74d43f2d4382936e8d8231ffdc9d5fe53bbfb38,process,stereo-4band-lr48,automation,512,5,4430958,
pass-b,recovered-legacy,c4be932d4b5463518d374a0ff74d43f2d4382936e8d8231ffdc9d5fe53bbfb38,process,stereo-4band-lr48,automation,512,6,4405942,
pass-b,recovered-legacy,c4be932d4b5463518d374a0ff74d43f2d4382936e8d8231ffdc9d5fe53bbfb38,process,stereo-4band-lr48,automation,512,7,4456937,
pass-b,recovered-legacy,c4be932d4b5463518d374a0ff74d43f2d4382936e8d8231ffdc9d5fe53bbfb38,process,stereo-4band-lr48,automation,512,8,4425528,
pass-b,recovered-legacy,c4be932d4b5463518d374a0ff74d43f2d4382936e8d8231ffdc9d5fe53bbfb38,process,stereo-4band-lr48,steady,2048,0,4490100,
pass-b,recovered-legacy,c4be932d4b5463518d374a0ff74d43f2d4382936e8d8231ffdc9d5fe53bbfb38,process,stereo-4band-lr48,steady,2048,1,4299941,
pass-b,recovered-legacy,c4be932d4b5463518d374a0ff74d43f2d4382936e8d8231ffdc9d5fe53bbfb38,process,stereo-4band-lr48,steady,2048,2,4545094,
pass-b,recovered-legacy,c4be932d4b5463518d374a0ff74d43f2d4382936e8d8231ffdc9d5fe53bbfb38,process,stereo-4band-lr48,steady,2048,3,4279692,
pass-b,recovered-legacy,c4be932d4b5463518d374a0ff74d43f2d4382936e8d8231ffdc9d5fe53bbfb38,process,stereo-4band-lr48,steady,2048,4,4536488,
pass-b,recovered-legacy,c4be932d4b5463518d374a0ff74d43f2d4382936e8d8231ffdc9d5fe53bbfb38,process,stereo-4band-lr48,steady,2048,5,4294029,
pass-b,recovered-legacy,c4be932d4b5463518d374a0ff74d43f2d4382936e8d8231ffdc9d5fe53bbfb38,process,stereo-4band-lr48,steady,2048,6,4312625,
pass-b,recovered-legacy,c4be932d4b5463518d374a0ff74d43f2d4382936e8d8231ffdc9d5fe53bbfb38,process,stereo-4band-lr48,steady,2048,7,4357319,
pass-b,recovered-legacy,c4be932d4b5463518d374a0ff74d43f2d4382936e8d8231ffdc9d5fe53bbfb38,process,stereo-4band-lr48,steady,2048,8,4339325,
pass-b,recovered-legacy,c4be932d4b5463518d374a0ff74d43f2d4382936e8d8231ffdc9d5fe53bbfb38,process,stereo-4band-lr48,automation,2048,0,4414127,
pass-b,recovered-legacy,c4be932d4b5463518d374a0ff74d43f2d4382936e8d8231ffdc9d5fe53bbfb38,process,stereo-4band-lr48,automation,2048,1,4420830,
pass-b,recovered-legacy,c4be932d4b5463518d374a0ff74d43f2d4382936e8d8231ffdc9d5fe53bbfb38,process,stereo-4band-lr48,automation,2048,2,4430698,
pass-b,recovered-legacy,c4be932d4b5463518d374a0ff74d43f2d4382936e8d8231ffdc9d5fe53bbfb38,process,stereo-4band-lr48,automation,2048,3,4578969,
pass-b,recovered-legacy,c4be932d4b5463518d374a0ff74d43f2d4382936e8d8231ffdc9d5fe53bbfb38,process,stereo-4band-lr48,automation,2048,4,4407324,
pass-b,recovered-legacy,c4be932d4b5463518d374a0ff74d43f2d4382936e8d8231ffdc9d5fe53bbfb38,process,stereo-4band-lr48,automation,2048,5,4441840,
pass-b,recovered-legacy,c4be932d4b5463518d374a0ff74d43f2d4382936e8d8231ffdc9d5fe53bbfb38,process,stereo-4band-lr48,automation,2048,6,4418956,
pass-b,recovered-legacy,c4be932d4b5463518d374a0ff74d43f2d4382936e8d8231ffdc9d5fe53bbfb38,process,stereo-4band-lr48,automation,2048,7,4407394,
pass-b,recovered-legacy,c4be932d4b5463518d374a0ff74d43f2d4382936e8d8231ffdc9d5fe53bbfb38,process,stereo-4band-lr48,automation,2048,8,4402916,
pass-b,recovered-legacy,c4be932d4b5463518d374a0ff74d43f2d4382936e8d8231ffdc9d5fe53bbfb38,setup,12ch-4band-lr48,,,0,,16656
pass-b,recovered-legacy,c4be932d4b5463518d374a0ff74d43f2d4382936e8d8231ffdc9d5fe53bbfb38,setup,12ch-4band-lr48,,,1,,16734
pass-b,recovered-legacy,c4be932d4b5463518d374a0ff74d43f2d4382936e8d8231ffdc9d5fe53bbfb38,setup,12ch-4band-lr48,,,2,,16700
pass-b,recovered-legacy,c4be932d4b5463518d374a0ff74d43f2d4382936e8d8231ffdc9d5fe53bbfb38,setup,12ch-4band-lr48,,,3,,16711
pass-b,recovered-legacy,c4be932d4b5463518d374a0ff74d43f2d4382936e8d8231ffdc9d5fe53bbfb38,setup,12ch-4band-lr48,,,4,,16789
pass-b,recovered-legacy,c4be932d4b5463518d374a0ff74d43f2d4382936e8d8231ffdc9d5fe53bbfb38,setup,12ch-4band-lr48,,,5,,16799
pass-b,recovered-legacy,c4be932d4b5463518d374a0ff74d43f2d4382936e8d8231ffdc9d5fe53bbfb38,setup,12ch-4band-lr48,,,6,,17062
pass-b,recovered-legacy,c4be932d4b5463518d374a0ff74d43f2d4382936e8d8231ffdc9d5fe53bbfb38,setup,12ch-4band-lr48,,,7,,16926
pass-b,recovered-legacy,c4be932d4b5463518d374a0ff74d43f2d4382936e8d8231ffdc9d5fe53bbfb38,setup,12ch-4band-lr48,,,8,,16778
pass-b,recovered-legacy,c4be932d4b5463518d374a0ff74d43f2d4382936e8d8231ffdc9d5fe53bbfb38,process,12ch-4band-lr48,steady,32,0,20081207,
pass-b,recovered-legacy,c4be932d4b5463518d374a0ff74d43f2d4382936e8d8231ffdc9d5fe53bbfb38,process,12ch-4band-lr48,steady,32,1,19632077,
pass-b,recovered-legacy,c4be932d4b5463518d374a0ff74d43f2d4382936e8d8231ffdc9d5fe53bbfb38,process,12ch-4band-lr48,steady,32,2,16833188,
pass-b,recovered-legacy,c4be932d4b5463518d374a0ff74d43f2d4382936e8d8231ffdc9d5fe53bbfb38,process,12ch-4band-lr48,steady,32,3,16888994,
pass-b,recovered-legacy,c4be932d4b5463518d374a0ff74d43f2d4382936e8d8231ffdc9d5fe53bbfb38,process,12ch-4band-lr48,steady,32,4,16794565,
pass-b,recovered-legacy,c4be932d4b5463518d374a0ff74d43f2d4382936e8d8231ffdc9d5fe53bbfb38,process,12ch-4band-lr48,steady,32,5,16793533,
pass-b,recovered-legacy,c4be932d4b5463518d374a0ff74d43f2d4382936e8d8231ffdc9d5fe53bbfb38,process,12ch-4band-lr48,steady,32,6,16836966,
pass-b,recovered-legacy,c4be932d4b5463518d374a0ff74d43f2d4382936e8d8231ffdc9d5fe53bbfb38,process,12ch-4band-lr48,steady,32,7,16818631,
pass-b,recovered-legacy,c4be932d4b5463518d374a0ff74d43f2d4382936e8d8231ffdc9d5fe53bbfb38,process,12ch-4band-lr48,steady,32,8,16882842,
pass-b,recovered-legacy,c4be932d4b5463518d374a0ff74d43f2d4382936e8d8231ffdc9d5fe53bbfb38,process,12ch-4band-lr48,automation,32,0,17333095,
pass-b,recovered-legacy,c4be932d4b5463518d374a0ff74d43f2d4382936e8d8231ffdc9d5fe53bbfb38,process,12ch-4band-lr48,automation,32,1,17303569,
pass-b,recovered-legacy,c4be932d4b5463518d374a0ff74d43f2d4382936e8d8231ffdc9d5fe53bbfb38,process,12ch-4band-lr48,automation,32,2,17405602,
pass-b,recovered-legacy,c4be932d4b5463518d374a0ff74d43f2d4382936e8d8231ffdc9d5fe53bbfb38,process,12ch-4band-lr48,automation,32,3,17480404,
pass-b,recovered-legacy,c4be932d4b5463518d374a0ff74d43f2d4382936e8d8231ffdc9d5fe53bbfb38,process,12ch-4band-lr48,automation,32,4,17362932,
pass-b,recovered-legacy,c4be932d4b5463518d374a0ff74d43f2d4382936e8d8231ffdc9d5fe53bbfb38,process,12ch-4band-lr48,automation,32,5,17369314,
pass-b,recovered-legacy,c4be932d4b5463518d374a0ff74d43f2d4382936e8d8231ffdc9d5fe53bbfb38,process,12ch-4band-lr48,automation,32,6,17350868,
pass-b,recovered-legacy,c4be932d4b5463518d374a0ff74d43f2d4382936e8d8231ffdc9d5fe53bbfb38,process,12ch-4band-lr48,automation,32,7,17331582,
pass-b,recovered-legacy,c4be932d4b5463518d374a0ff74d43f2d4382936e8d8231ffdc9d5fe53bbfb38,process,12ch-4band-lr48,automation,32,8,17281788,
pass-b,recovered-legacy,c4be932d4b5463518d374a0ff74d43f2d4382936e8d8231ffdc9d5fe53bbfb38,process,12ch-4band-lr48,steady,512,0,16997480,
pass-b,recovered-legacy,c4be932d4b5463518d374a0ff74d43f2d4382936e8d8231ffdc9d5fe53bbfb38,process,12ch-4band-lr48,steady,512,1,16908742,
pass-b,recovered-legacy,c4be932d4b5463518d374a0ff74d43f2d4382936e8d8231ffdc9d5fe53bbfb38,process,12ch-4band-lr48,steady,512,2,16920985,
pass-b,recovered-legacy,c4be932d4b5463518d374a0ff74d43f2d4382936e8d8231ffdc9d5fe53bbfb38,process,12ch-4band-lr48,steady,512,3,16908061,
pass-b,recovered-legacy,c4be932d4b5463518d374a0ff74d43f2d4382936e8d8231ffdc9d5fe53bbfb38,process,12ch-4band-lr48,steady,512,4,16919502,
pass-b,recovered-legacy,c4be932d4b5463518d374a0ff74d43f2d4382936e8d8231ffdc9d5fe53bbfb38,process,12ch-4band-lr48,steady,512,5,16951523,
pass-b,recovered-legacy,c4be932d4b5463518d374a0ff74d43f2d4382936e8d8231ffdc9d5fe53bbfb38,process,12ch-4band-lr48,steady,512,6,16952484,
pass-b,recovered-legacy,c4be932d4b5463518d374a0ff74d43f2d4382936e8d8231ffdc9d5fe53bbfb38,process,12ch-4band-lr48,steady,512,7,16933519,
pass-b,recovered-legacy,c4be932d4b5463518d374a0ff74d43f2d4382936e8d8231ffdc9d5fe53bbfb38,process,12ch-4band-lr48,steady,512,8,16958005,
pass-b,recovered-legacy,c4be932d4b5463518d374a0ff74d43f2d4382936e8d8231ffdc9d5fe53bbfb38,process,12ch-4band-lr48,automation,512,0,17432232,
pass-b,recovered-legacy,c4be932d4b5463518d374a0ff74d43f2d4382936e8d8231ffdc9d5fe53bbfb38,process,12ch-4band-lr48,automation,512,1,17446129,
pass-b,recovered-legacy,c4be932d4b5463518d374a0ff74d43f2d4382936e8d8231ffdc9d5fe53bbfb38,process,12ch-4band-lr48,automation,512,2,17429357,
pass-b,recovered-legacy,c4be932d4b5463518d374a0ff74d43f2d4382936e8d8231ffdc9d5fe53bbfb38,process,12ch-4band-lr48,automation,512,3,17420671,
pass-b,recovered-legacy,c4be932d4b5463518d374a0ff74d43f2d4382936e8d8231ffdc9d5fe53bbfb38,process,12ch-4band-lr48,automation,512,4,17477108,
pass-b,recovered-legacy,c4be932d4b5463518d374a0ff74d43f2d4382936e8d8231ffdc9d5fe53bbfb38,process,12ch-4band-lr48,automation,512,5,18530151,
pass-b,recovered-legacy,c4be932d4b5463518d374a0ff74d43f2d4382936e8d8231ffdc9d5fe53bbfb38,process,12ch-4band-lr48,automation,512,6,17541660,
pass-b,recovered-legacy,c4be932d4b5463518d374a0ff74d43f2d4382936e8d8231ffdc9d5fe53bbfb38,process,12ch-4band-lr48,automation,512,7,17478290,
pass-b,recovered-legacy,c4be932d4b5463518d374a0ff74d43f2d4382936e8d8231ffdc9d5fe53bbfb38,process,12ch-4band-lr48,automation,512,8,17475825,
pass-b,recovered-legacy,c4be932d4b5463518d374a0ff74d43f2d4382936e8d8231ffdc9d5fe53bbfb38,process,12ch-4band-lr48,steady,2048,0,16905946,
pass-b,recovered-legacy,c4be932d4b5463518d374a0ff74d43f2d4382936e8d8231ffdc9d5fe53bbfb38,process,12ch-4band-lr48,steady,2048,1,16799705,
pass-b,recovered-legacy,c4be932d4b5463518d374a0ff74d43f2d4382936e8d8231ffdc9d5fe53bbfb38,process,12ch-4band-lr48,steady,2048,2,16854649,
pass-b,recovered-legacy,c4be932d4b5463518d374a0ff74d43f2d4382936e8d8231ffdc9d5fe53bbfb38,process,12ch-4band-lr48,steady,2048,3,16847075,
pass-b,recovered-legacy,c4be932d4b5463518d374a0ff74d43f2d4382936e8d8231ffdc9d5fe53bbfb38,process,12ch-4band-lr48,steady,2048,4,16914633,
pass-b,recovered-legacy,c4be932d4b5463518d374a0ff74d43f2d4382936e8d8231ffdc9d5fe53bbfb38,process,12ch-4band-lr48,steady,2048,5,16966591,
pass-b,recovered-legacy,c4be932d4b5463518d374a0ff74d43f2d4382936e8d8231ffdc9d5fe53bbfb38,process,12ch-4band-lr48,steady,2048,6,16933158,
pass-b,recovered-legacy,c4be932d4b5463518d374a0ff74d43f2d4382936e8d8231ffdc9d5fe53bbfb38,process,12ch-4band-lr48,steady,2048,7,16925884,
pass-b,recovered-legacy,c4be932d4b5463518d374a0ff74d43f2d4382936e8d8231ffdc9d5fe53bbfb38,process,12ch-4band-lr48,steady,2048,8,16909433,
pass-b,recovered-legacy,c4be932d4b5463518d374a0ff74d43f2d4382936e8d8231ffdc9d5fe53bbfb38,process,12ch-4band-lr48,automation,2048,0,17411163,
pass-b,recovered-legacy,c4be932d4b5463518d374a0ff74d43f2d4382936e8d8231ffdc9d5fe53bbfb38,process,12ch-4band-lr48,automation,2048,1,17373422,
pass-b,recovered-legacy,c4be932d4b5463518d374a0ff74d43f2d4382936e8d8231ffdc9d5fe53bbfb38,process,12ch-4band-lr48,automation,2048,2,17467970,
pass-b,recovered-legacy,c4be932d4b5463518d374a0ff74d43f2d4382936e8d8231ffdc9d5fe53bbfb38,process,12ch-4band-lr48,automation,2048,3,17405081,
pass-b,recovered-legacy,c4be932d4b5463518d374a0ff74d43f2d4382936e8d8231ffdc9d5fe53bbfb38,process,12ch-4band-lr48,automation,2048,4,17379092,
pass-b,recovered-legacy,c4be932d4b5463518d374a0ff74d43f2d4382936e8d8231ffdc9d5fe53bbfb38,process,12ch-4band-lr48,automation,2048,5,17418316,
pass-b,recovered-legacy,c4be932d4b5463518d374a0ff74d43f2d4382936e8d8231ffdc9d5fe53bbfb38,process,12ch-4band-lr48,automation,2048,6,17406022,
pass-b,recovered-legacy,c4be932d4b5463518d374a0ff74d43f2d4382936e8d8231ffdc9d5fe53bbfb38,process,12ch-4band-lr48,automation,2048,7,17395934,
pass-b,recovered-legacy,c4be932d4b5463518d374a0ff74d43f2d4382936e8d8231ffdc9d5fe53bbfb38,process,12ch-4band-lr48,automation,2048,8,17425750,
